time,transaction_length,table_size,stack_size,updating_time,delta,deleted_entries
1089,37,12000,12001,3.659000,1,59
1140,19,12000,12001,4.959000,2,126
1511,4,12000,12001,0.885000,3,4
1705,12,12000,12001,5.783000,4,159
1830,25,12000,12001,2.185000,5,24
1891,13,12000,12001,1.856000,6,44
1910,19,12000,12001,2.450000,7,68
1931,34,12000,12001,18.043000,8,536
1980,23,12000,12001,3.678000,9,105
1995,29,12000,12001,58.790000,12,1596
2026,16,12000,12001,3.603000,13,134
2065,5,12000,12001,0.288000,14,2
2103,31,12000,12001,7.499000,15,261
2117,20,12000,12001,4.136000,16,130
2128,69,12000,12001,15.975000,17,585
2142,26,12000,12001,4.076000,18,146
2156,13,12000,12001,1.193000,19,30
2185,20,12000,12001,4.877000,20,186
2230,22,12000,12001,0.515000,21,4
2278,29,12000,12001,1.521000,22,32
2335,11,12000,12001,0.606000,23,7
2353,6,12000,12001,0.332000,24,4
2385,28,12000,12001,0.697000,25,6
2408,19,12000,12001,4.131000,26,153
2427,61,12000,12001,1.235000,27,7
2437,13,12000,12001,1.239000,28,31
2466,44,12000,12001,2.821000,29,88
2471,23,12000,12001,5.462000,30,188
2510,10,12000,12001,0.295000,31,1
2536,12,12000,12001,3.296000,32,111
2538,16,12000,12001,3.009000,33,104
2545,12,12000,12001,8.594000,35,316
2551,33,12000,12001,10.608000,37,374
2570,15,12000,12001,1.326000,38,37
2571,18,12000,12001,6.688000,39,258
2586,16,12000,12001,1.090000,40,30
2611,16,12000,12001,12.250000,43,495
2635,23,12000,12001,4.523000,44,136
2696,5,12000,12001,0.075000,45,1
2772,21,12000,12001,4.083000,46,145
2849,1,12000,12001,0.061000,47,1
2956,22,12000,12001,4.125000,48,161
2988,21,12000,12001,0.307000,49,2
3030,23,12000,12001,1.148000,50,35
3039,25,12000,12001,0.509000,51,4
3061,30,12000,12001,1.000000,52,17
3072,33,12000,12001,1.008000,53,13
3079,29,12000,12001,0.913000,54,13
3088,33,12000,12001,19.260000,61,759
3089,38,12000,12001,3.698000,63,129
3099,28,12000,12001,0.591000,64,13
3103,47,12000,12001,0.852000,65,9
3104,37,12000,12001,7.016000,68,277
3108,27,12000,12001,0.393000,69,3
3121,45,12000,12001,0.678000,70,7
3126,36,12000,12001,1.156000,71,12
3134,28,12000,12001,1.509000,72,46
3135,37,12000,12001,10.368000,77,382
3136,20,12000,12001,0.804000,78,17
3144,27,12000,12001,0.368000,79,2
3151,38,12000,12001,1.472000,80,40
3157,34,12000,12001,0.753000,81,4
3158,34,12000,12001,6.700000,84,263
3163,33,12000,12001,2.001000,85,63
3164,44,12000,12001,0.550000,86,2
3167,24,12000,12001,0.995000,87,27
3168,26,12000,12001,1.497000,88,55
3177,38,12000,12001,0.711000,89,5
3181,54,12000,12001,1.265000,90,11
3185,26,12000,12001,0.266000,91,5
3188,49,12000,12001,0.886000,92,9
3189,23,12000,12001,2.235000,94,80
3196,41,12000,12001,0.682000,95,4
3198,49,12000,12001,0.517000,96,4
3200,50,12000,12001,1.188000,97,5
3205,45,12000,12001,0.807000,98,8
3210,36,12000,12001,0.762000,99,15
3215,42,12000,12001,1.133000,100,14
3219,24,12000,12001,0.866000,101,16
3226,35,12000,12001,0.712000,102,9
3230,37,12000,12001,2.988000,104,95
3236,24,12000,12001,15.758000,120,599
3251,26,12000,12001,0.649000,121,9
3256,22,12000,12001,2.206000,123,75
3261,21,12000,12001,5.608000,128,225
3264,40,12000,12001,0.623000,129,3
3267,37,12000,12001,0.585000,130,5
3272,43,12000,12001,1.074000,131,7
3276,40,12000,12001,1.169000,132,16
3280,16,12000,12001,1.065000,133,35
3284,31,12000,12001,0.773000,134,5
3288,35,12000,12001,0.667000,135,4
3292,41,12000,12001,0.544000,136,6
3298,33,12000,12001,0.739000,137,11
3303,30,12000,12001,0.458000,138,9
3308,23,12000,12001,0.553000,139,7
3318,38,12000,12001,0.938000,140,8
3326,29,12000,12001,0.651000,141,4
3334,40,12000,12001,1.127000,142,17
3340,33,12000,12001,0.845000,143,8
3350,25,12000,12001,0.827000,144,16
3358,46,12000,12001,0.939000,145,6
3364,48,12000,12001,10.611000,156,395
3370,61,12000,12001,0.934000,157,13
3372,41,12000,12001,0.947000,158,12
3375,41,12000,12001,0.792000,159,11
3382,45,12000,12001,1.069000,160,10
3390,38,12000,12001,0.948000,161,11
3391,32,12000,12001,1.641000,162,58
3395,47,12000,12001,0.863000,163,5
3397,25,12000,12001,2.617000,165,87
3405,30,12000,12001,0.529000,166,4
3411,57,12000,12001,0.770000,167,9
3418,18,12000,12001,1.308000,168,30
3435,30,12000,12001,0.889000,169,10
3440,54,12000,12001,0.900000,170,10
3444,56,12000,12001,1.956000,171,29
3447,32,12000,12001,0.557000,172,12
3455,53,12000,12001,0.990000,173,11
3470,39,12000,12001,1.149000,174,17
3477,45,12000,12001,0.992000,175,9
3488,41,12000,12001,0.754000,176,9
3491,46,12000,12001,4.609000,177,184
3505,50,12000,12001,1.934000,179,39
3512,57,12000,12001,4.961000,183,183
3519,45,12000,12001,1.041000,184,6
3525,20,12000,12001,2.678000,186,98
3533,57,12000,12001,0.998000,187,9
3541,31,12000,12001,0.711000,188,4
3549,12,12000,12001,1.265000,189,43
3551,35,12000,12001,1.094000,190,17
3561,29,12000,12001,0.515000,191,4
3563,40,12000,12001,4.757000,195,158
3565,38,12000,12001,0.680000,196,2
3569,30,12000,12001,0.560000,197,3
3573,16,12000,12001,0.529000,198,13
3583,38,12000,12001,16.047000,208,621
3588,34,12000,12001,0.618000,209,5
3589,35,12000,12001,12.091000,218,466
3591,28,12000,12001,4.233000,222,137
3600,35,12000,12001,4.868000,225,182
3614,23,12000,12001,0.482000,226,3
3624,17,12000,12001,0.315000,227,3
3630,15,12000,12001,1.723000,229,65
3637,38,12000,12001,0.913000,230,6
3647,32,12000,12001,0.658000,231,7
3658,29,12000,12001,0.888000,232,7
3664,9,12000,12001,0.122000,233,2
3677,30,12000,12001,0.336000,234,6
3680,23,12000,12001,0.728000,235,3
3687,23,12000,12001,0.472000,236,11
3691,26,12000,12001,4.133000,238,120
3710,31,12000,12001,0.523000,239,4
3714,23,12000,12001,0.505000,240,12
3720,31,12000,12001,0.416000,241,2
3727,23,12000,12001,0.419000,242,3
3730,42,12000,12001,8.519000,247,343
3739,20,12000,12001,0.280000,248,4
3748,34,12000,12001,1.004000,249,10
3758,6,12000,12001,0.104000,250,1
3764,18,12000,12001,2.547000,252,87
3769,28,12000,12001,2.843000,254,95
3774,21,12000,12001,0.299000,255,2
3784,21,12000,12001,0.184000,256,1
3788,32,12000,12001,9.254000,264,386
3795,33,12000,12001,0.602000,265,6
3798,16,12000,12001,4.542000,269,184
3804,22,12000,12001,0.565000,270,4
3816,34,12000,12001,0.663000,271,4
3824,32,12000,12001,2.211000,272,70
3832,19,12000,12001,0.335000,273,2
3848,9,12000,12001,0.102000,274,3
3858,63,12000,12001,1.042000,275,7
3860,42,12000,12001,0.764000,276,6
3864,37,12000,12001,0.799000,277,8
3870,34,12000,12001,0.482000,278,5
3879,19,12000,12001,0.676000,279,8
3883,29,12000,12001,2.092000,280,62
3889,4,12000,12001,0.124000,281,3
3892,25,12000,12001,0.471000,282,6
3898,47,12000,12001,0.718000,283,7
3914,21,12000,12001,0.305000,284,1
3920,31,12000,12001,0.541000,285,2
3930,40,12000,12001,0.747000,286,3
3937,27,12000,12001,0.514000,287,6
3945,23,12000,12001,0.328000,288,2
3956,37,12000,12001,0.861000,289,8
3967,23,12000,12001,0.587000,290,2
3977,22,12000,12001,0.268000,291,4
3997,24,12000,12001,0.438000,292,4
4013,17,12000,12001,0.943000,293,29
4031,15,12000,12001,0.226000,294,3
4065,25,12000,12001,0.531000,295,2
4117,2,12000,12001,0.056000,296,1
4167,9,12000,12001,0.063000,297,1
4194,12,12000,12001,4.866000,302,201
4238,3,12000,12001,0.103000,303,2
4329,12,12000,12001,2.357000,304,101
4370,14,12000,12001,1.704000,305,62
4380,29,12000,12001,0.616000,306,7
4384,34,12000,12001,0.999000,307,25
4396,18,12000,12001,0.326000,308,4
4401,23,12000,12001,1.713000,309,56
4410,25,12000,12001,1.006000,310,26
4423,17,12000,12001,0.211000,311,1
4435,38,12000,12001,0.477000,312,2
4436,38,12000,12001,10.013000,316,372
4444,36,12000,12001,0.921000,317,2
4449,26,12000,12001,0.591000,318,5
4454,22,12000,12001,2.547000,319,80
4464,16,12000,12001,0.247000,320,2
4481,23,12000,12001,0.576000,321,6
4488,34,12000,12001,0.782000,322,10
4496,17,12000,12001,0.344000,323,5
4500,33,12000,12001,8.298000,327,324
4506,50,12000,12001,1.113000,328,19
4509,28,12000,12001,0.366000,329,4
4512,36,12000,12001,0.791000,330,6
4516,30,12000,12001,0.872000,331,4
4525,36,12000,12001,1.023000,332,8
4527,30,12000,12001,2.169000,334,73
4528,43,12000,12001,12.699000,342,491
4529,38,12000,12001,9.527000,345,339
4531,30,12000,12001,0.865000,346,2
4534,30,12000,12001,3.326000,347,104
4538,37,12000,12001,1.021000,348,9
4541,36,12000,12001,0.883000,349,7
4545,28,12000,12001,0.509000,350,2
4549,47,12000,12001,1.008000,351,6
4554,39,12000,12001,0.778000,352,9
4562,47,12000,12001,0.790000,353,9
4566,34,12000,12001,0.926000,354,4
4567,29,12000,12001,5.323000,357,199
4571,37,12000,12001,0.861000,358,19
4576,48,12000,12001,1.192000,359,8
4579,38,12000,12001,1.239000,360,10
4585,28,12000,12001,0.848000,361,7
4589,33,12000,12001,1.007000,362,13
4600,18,12000,12001,0.459000,363,4
4608,25,12000,12001,0.261000,364,2
4618,28,12000,12001,33.660000,384,1354
4622,11,12000,12001,0.214000,385,1
4629,27,12000,12001,1.268000,386,9
4638,30,12000,12001,0.873000,387,10
4642,33,12000,12001,0.780000,388,4
4646,35,12000,12001,0.604000,389,5
4651,35,12000,12001,1.284000,390,17
4656,31,12000,12001,0.985000,391,6
4663,28,12000,12001,1.795000,393,61
4668,39,12000,12001,0.775000,394,4
4671,38,12000,12001,0.730000,395,4
4672,38,12000,12001,0.859000,396,8
4678,35,12000,12001,0.766000,397,3
4681,34,12000,12001,1.138000,398,4
4684,17,12000,12001,0.260000,399,3
4690,37,12000,12001,0.725000,400,3
4694,8,12000,12001,0.189000,401,1
4698,39,12000,12001,0.436000,402,8
4700,43,12000,12001,1.376000,403,28
4703,46,12000,12001,1.093000,404,10
4706,47,12000,12001,1.181000,405,5
4709,48,12000,12001,1.543000,406,36
4714,37,12000,12001,0.638000,407,5
4719,35,12000,12001,1.314000,408,14
4727,18,12000,12001,0.265000,409,3
4729,29,12000,12001,1.931000,410,66
4730,30,12000,12001,0.622000,411,1
4733,41,12000,12001,0.845000,412,11
4738,17,12000,12001,0.237000,413,2
4749,18,12000,12001,0.266000,414,3
4756,54,12000,12001,1.421000,415,17
4758,43,12000,12001,0.740000,416,7
4761,40,12000,12001,0.689000,417,7
4765,37,12000,12001,0.611000,418,5
4772,21,12000,12001,0.511000,419,2
4778,66,12000,12001,1.281000,420,10
4787,45,12000,12001,0.842000,421,7
4795,54,12000,12001,1.222000,422,8
4797,29,12000,12001,0.974000,423,28
4804,41,12000,12001,0.831000,424,5
4808,35,12000,12001,0.820000,425,6
4814,22,12000,12001,0.252000,426,4
4818,44,12000,12001,1.540000,427,13
4820,45,12000,12001,0.965000,428,17
4826,36,12000,12001,0.779000,429,4
4830,31,12000,12001,1.291000,430,46
4832,30,12000,12001,0.927000,431,7
4837,36,12000,12001,0.986000,432,6
4841,49,12000,12001,0.933000,433,9
4843,31,12000,12001,1.053000,434,11
4846,28,12000,12001,1.026000,435,10
4848,55,12000,12001,1.236000,437,37
4853,31,12000,12001,0.523000,438,4
4855,58,12000,12001,1.218000,439,10
4858,41,12000,12001,1.038000,440,8
4861,28,12000,12001,0.839000,441,3
4863,52,12000,12001,0.854000,442,9
4864,37,12000,12001,3.505000,446,121
4868,44,12000,12001,0.916000,447,5
4869,51,12000,12001,0.358000,448,5
4872,50,12000,12001,0.524000,449,5
4878,53,12000,12001,0.951000,450,7
4881,48,12000,12001,0.885000,451,9
4885,49,12000,12001,1.185000,452,9
4889,42,12000,12001,0.755000,453,6
4897,18,12000,12001,0.289000,454,3
4904,36,12000,12001,1.070000,455,10
4907,41,12000,12001,0.995000,456,9
4911,16,12000,12001,0.377000,457,2
4922,28,12000,12001,0.459000,458,2
4928,33,12000,12001,0.994000,459,7
4934,35,12000,12001,0.466000,460,5
4940,24,12000,12001,3.012000,462,106
4952,18,12000,12001,0.503000,463,1
4958,27,12000,12001,0.614000,464,5
4959,40,12000,12001,6.749000,467,251
4969,32,12000,12001,0.941000,468,6
4973,32,12000,12001,0.608000,469,3
4981,32,12000,12001,0.706000,470,7
4990,37,12000,12001,1.151000,471,13
4998,25,12000,12001,0.237000,472,1
5010,40,12000,12001,0.736000,473,3
5025,17,12000,12001,0.715000,474,7
5035,13,12000,12001,0.844000,475,22
5052,31,12000,12001,0.733000,476,13
5065,18,12000,12001,2.632000,477,107
5068,34,12000,12001,0.642000,478,4
5071,19,12000,12001,2.951000,479,112
5073,31,12000,12001,1.104000,480,12
5079,15,12000,12001,0.253000,481,3
5087,12,12000,12001,0.231000,482,3
5094,37,12000,12001,5.360000,486,214
5099,17,12000,12001,0.499000,487,4
5105,21,12000,12001,30.717000,506,1207
5112,10,12000,12001,0.110000,507,2
5116,19,12000,12001,0.539000,508,2
5120,28,12000,12001,0.575000,509,4
5121,26,12000,12001,20.314000,536,852
5136,13,12000,12001,0.188000,537,2
5146,28,12000,12001,0.880000,538,6
5157,29,12000,12001,0.662000,539,6
5169,16,12000,12001,0.918000,540,26
5189,33,12000,12001,0.863000,541,10
5201,20,12000,12001,0.397000,542,2
5218,22,12000,12001,0.589000,543,4
5230,23,12000,12001,0.417000,544,9
5239,35,12000,12001,1.147000,545,29
5246,50,12000,12001,1.150000,546,10
5258,38,12000,12001,0.834000,547,6
5273,31,12000,12001,0.915000,548,8
5284,25,12000,12001,0.668000,549,8
5289,23,12000,12001,5.008000,551,185
5301,19,12000,12001,0.638000,552,16
5304,47,12000,12001,1.904000,553,37
5312,3,12000,12001,0.042000,554,1
5318,24,12000,12001,0.523000,555,17
5325,23,12000,12001,7.071000,566,289
5327,24,12000,12001,0.147000,567,1
5333,22,12000,12001,0.720000,568,2
5340,22,12000,12001,0.363000,569,8
5342,13,12000,12001,0.088000,570,3
5352,40,12000,12001,0.619000,571,7
5362,14,12000,12001,0.262000,572,1
5380,14,12000,12001,0.166000,573,4
5404,19,12000,12001,0.367000,574,2
5427,6,12000,12001,0.116000,575,2
5456,29,12000,12001,0.682000,576,3
5487,3,12000,12001,0.054000,577,2
5522,6,12000,12001,0.100000,578,1
5568,2,12000,12001,0.055000,579,1
5614,1,12000,12001,0.033000,580,1
5674,1,12000,12001,0.034000,581,1
5747,7,12000,12001,0.089000,582,1
5794,24,12000,12001,0.699000,583,4
5812,18,12000,12001,0.412000,584,3
5824,17,12000,12001,0.305000,585,2
5832,26,12000,12001,1.037000,586,9
5840,29,12000,12001,0.868000,587,5
5853,39,12000,12001,0.838000,588,5
5859,41,12000,12001,0.795000,589,23
5864,41,12000,12001,1.531000,591,25
5867,27,12000,12001,0.548000,592,16
5871,39,12000,12001,1.235000,593,26
5874,35,12000,12001,0.331000,594,8
5883,51,12000,12001,0.810000,595,8
5887,26,12000,12001,0.847000,596,5
5894,16,12000,12001,0.630000,597,18
5904,34,12000,12001,0.992000,598,5
5912,15,12000,12001,0.167000,599,2
5918,52,12000,12001,0.862000,600,10
5921,32,12000,12001,0.920000,601,12
5925,23,12000,12001,0.463000,602,2
5930,32,12000,12001,0.627000,603,5
5935,28,12000,12001,0.827000,604,9
5943,23,12000,12001,0.529000,605,1
5949,42,12000,12001,0.793000,606,8
5953,32,12000,12001,0.573000,607,3
5958,55,12000,12001,0.526000,608,6
5960,58,12000,12001,0.773000,609,1
5966,33,12000,12001,0.599000,610,6
5971,21,12000,12001,0.263000,611,1
5977,44,12000,12001,1.044000,612,4
5980,28,12000,12001,0.469000,613,4
5984,49,12000,12001,0.892000,614,8
5989,42,12000,12001,1.063000,615,11
5994,35,12000,12001,0.658000,616,3
5995,60,12000,12001,1.394000,617,39
5997,36,12000,12001,0.756000,618,4
5999,31,12000,12001,0.522000,619,14
6005,26,12000,12001,0.659000,620,3
6007,22,12000,12001,1.407000,622,53
6016,14,12000,12001,0.194000,623,4
6022,32,12000,12001,0.818000,624,6
6029,31,12000,12001,1.346000,626,41
6034,24,12000,12001,0.672000,627,6
6036,42,12000,12001,0.803000,628,2
6039,36,12000,12001,0.723000,629,3
6041,45,12000,12001,0.303000,630,2
6045,52,12000,12001,0.858000,631,7
6049,30,12000,12001,0.307000,632,3
6058,23,12000,12001,0.601000,633,1
6064,30,12000,12001,0.629000,634,8
6072,26,12000,12001,0.731000,635,3
6080,18,12000,12001,0.255000,636,1
6085,45,12000,12001,0.821000,637,10
6095,25,12000,12001,0.629000,638,4
6099,23,12000,12001,0.410000,639,7
6107,29,12000,12001,0.410000,640,4
6115,36,12000,12001,0.205000,641,5
6122,24,12000,12001,0.378000,642,4
6125,29,12000,12001,0.369000,643,2
6129,42,12000,12001,0.976000,644,8
6132,26,12000,12001,0.594000,645,3
6135,32,12000,12001,3.254000,651,122
6136,42,12000,12001,23.329000,666,985
6144,21,12000,12001,0.661000,667,2
6149,26,12000,12001,0.654000,668,2
6155,56,12000,12001,1.180000,669,13
6156,47,12000,12001,0.780000,670,4
6162,35,12000,12001,0.934000,671,5
6165,19,12000,12001,0.563000,672,11
6169,27,12000,12001,0.380000,673,8
6173,44,12000,12001,0.988000,674,9
6178,36,12000,12001,0.829000,675,7
6181,21,12000,12001,0.530000,676,3
6186,33,12000,12001,0.901000,677,6
6193,30,12000,12001,0.956000,678,3
6198,33,12000,12001,0.711000,679,6
6200,40,12000,12001,1.189000,680,12
6207,30,12000,12001,0.415000,681,6
6213,35,12000,12001,0.897000,682,8
6220,31,12000,12001,0.728000,683,5
6226,35,12000,12001,0.619000,684,6
6230,38,12000,12001,0.735000,685,4
6235,30,12000,12001,0.473000,686,4
6240,41,12000,12001,0.743000,687,6
6246,35,12000,12001,0.800000,688,4
6248,38,12000,12001,1.044000,689,9
6253,30,12000,12001,0.640000,690,3
6259,26,12000,12001,0.730000,691,3
6265,34,12000,12001,0.839000,692,3
6269,41,12000,12001,0.409000,693,3
6273,27,12000,12001,1.194000,695,30
6284,28,12000,12001,0.583000,696,6
6290,30,12000,12001,0.916000,697,5
6294,31,12000,12001,0.795000,698,4
6298,26,12000,12001,0.674000,699,3
6306,29,12000,12001,0.593000,700,4
6311,23,12000,12001,0.414000,701,3
6315,31,12000,12001,0.318000,702,5
6318,22,12000,12001,0.476000,703,6
6327,40,12000,12001,0.535000,704,2
6335,13,12000,12001,0.154000,705,1
6341,36,12000,12001,0.962000,706,13
6347,34,12000,12001,0.927000,707,3
6353,38,12000,12001,0.621000,708,3
6357,22,12000,12001,0.780000,709,1
6363,26,12000,12001,0.477000,710,2
6369,22,12000,12001,0.716000,711,6
6371,25,12000,12001,2.795000,714,106
6382,30,12000,12001,0.856000,715,2
6385,21,12000,12001,0.937000,716,4
6391,27,12000,12001,0.465000,717,3
6395,44,12000,12001,1.105000,718,6
6397,19,12000,12001,0.215000,719,5
6403,15,12000,12001,0.282000,720,7
6409,19,12000,12001,0.334000,721,2
6413,19,12000,12001,0.735000,723,23
6414,17,12000,12001,0.167000,724,3
6418,26,12000,12001,0.779000,725,3
6425,48,12000,12001,0.678000,726,6
6427,31,12000,12001,0.578000,727,4
6441,23,12000,12001,0.726000,728,5
6451,1,12000,12001,0.051000,729,1
6461,25,12000,12001,0.781000,730,3
6466,5,12000,12001,0.189000,731,3
6471,19,12000,12001,0.478000,732,6
6479,30,12000,12001,0.823000,733,3
6483,31,12000,12001,0.794000,734,7
6487,20,12000,12001,0.434000,735,3
6491,36,12000,12001,0.725000,736,18
6492,24,12000,12001,0.601000,737,2
6497,24,12000,12001,0.403000,738,11
6504,25,12000,12001,0.430000,739,3
6512,33,12000,12001,0.617000,740,4
6522,29,12000,12001,0.223000,741,3
6534,43,12000,12001,0.687000,742,5
6543,60,12000,12001,0.850000,743,9
6547,34,12000,12001,1.017000,744,32
6557,37,12000,12001,0.366000,745,6
6567,26,12000,12001,0.102000,746,1
6578,44,12000,12001,0.486000,747,7
6585,56,12000,12001,0.745000,748,4
6592,43,12000,12001,0.608000,749,1
6598,49,12000,12001,0.656000,750,2
6601,58,12000,12001,0.903000,751,19
6610,44,12000,12001,0.523000,752,2
6618,21,12000,12001,2.346000,756,92
6620,18,12000,12001,0.378000,757,2
6630,17,12000,12001,0.469000,758,1
6644,24,12000,12001,2.555000,759,93
6665,19,12000,12001,0.453000,760,5
6671,31,12000,12001,19.239000,771,767
6677,7,12000,12001,0.128000,772,4
6684,23,12000,12001,0.778000,773,6
6709,15,12000,12001,0.279000,774,1
6728,40,12000,12001,0.986000,775,10
6732,42,12000,12001,0.687000,776,10
6736,48,12000,12001,0.460000,777,7
6744,17,12000,12001,18.509000,792,758
6762,25,12000,12001,0.231000,793,4
6772,15,12000,12001,0.807000,794,17
6779,17,12000,12001,0.345000,795,5
6787,25,12000,12001,0.429000,796,6
6802,4,12000,12001,0.061000,797,2
6819,19,12000,12001,0.294000,798,3
6859,6,12000,12001,0.067000,799,2
6908,13,12000,12001,0.111000,800,1
6982,1,12000,12001,0.046000,801,1
7075,4,12000,12001,0.078000,802,1
7138,13,12000,12001,0.461000,803,9
7164,14,12000,12001,0.247000,804,4
7199,7,12000,12001,0.134000,805,2
7230,12,12000,12001,2.484000,806,93
7243,9,12000,12001,0.156000,807,2
7260,31,12000,12001,0.391000,808,11
7274,12,12000,12001,0.161000,809,1
7291,13,12000,12001,0.194000,810,4
7304,17,12000,12001,0.300000,811,6
7316,41,12000,12001,1.088000,812,8
7334,26,12000,12001,0.320000,813,8
7341,19,12000,12001,0.363000,814,4
7358,18,12000,12001,0.229000,815,3
7359,22,12000,12001,4.152000,817,144
7376,28,12000,12001,0.614000,818,7
7393,27,12000,12001,0.434000,819,8
7416,23,12000,12001,0.894000,820,6
7427,22,12000,12001,0.377000,821,2
7435,22,12000,12001,0.322000,822,6
7443,16,12000,12001,0.979000,823,28
7450,23,12000,12001,0.809000,824,2
7469,24,12000,12001,0.363000,825,3
7484,21,12000,12001,0.544000,826,5
7492,33,12000,12001,0.872000,827,4
7501,20,12000,12001,0.708000,828,1
7513,24,12000,12001,0.376000,829,3
7518,21,12000,12001,0.332000,830,2
7528,13,12000,12001,0.320000,831,1
7540,15,12000,12001,0.338000,832,2
7549,12,12000,12001,2.160000,834,75
7560,6,12000,12001,0.146000,835,1
7576,10,12000,12001,0.183000,836,2
7586,20,12000,12001,0.716000,837,1
7602,7,12000,12001,0.139000,838,3
7627,17,12000,12001,0.357000,839,1
7637,22,12000,12001,0.130000,840,3
7654,20,12000,12001,0.499000,841,2
7666,23,12000,12001,0.469000,842,6
7681,12,12000,12001,0.798000,843,23
7698,13,12000,12001,0.313000,844,1
7706,28,12000,12001,7.752000,852,307
7728,27,12000,12001,0.420000,853,4
7750,20,12000,12001,0.870000,854,3
7771,22,12000,12001,0.508000,855,14
7790,19,12000,12001,0.485000,856,3
7808,18,12000,12001,0.070000,857,2
7827,28,12000,12001,0.490000,858,7
7844,9,12000,12001,0.091000,859,2
7857,10,12000,12001,0.155000,860,2
7873,20,12000,12001,0.770000,861,25
7879,13,12000,12001,0.265000,862,5
7888,35,12000,12001,0.693000,863,13
7892,33,12000,12001,1.035000,864,4
7898,24,12000,12001,1.186000,865,5
7903,28,12000,12001,0.962000,866,8
7910,24,12000,12001,0.274000,867,6
7915,30,12000,12001,1.030000,869,29
7923,21,12000,12001,0.361000,870,2
7925,41,12000,12001,0.468000,871,7
7929,23,12000,12001,0.821000,872,2
7936,29,12000,12001,0.941000,873,3
7942,19,12000,12001,0.319000,874,3
7948,15,12000,12001,0.573000,875,14
7957,24,12000,12001,0.708000,876,12
7965,36,12000,12001,1.036000,877,29
7967,53,12000,12001,0.874000,878,2
7969,26,12000,12001,0.642000,879,16
7977,21,12000,12001,0.388000,880,2
7991,37,12000,12001,0.648000,881,8
7992,31,12000,12001,1.029000,882,25
8001,20,12000,12001,0.268000,883,6
8004,19,12000,12001,0.706000,884,22
8012,24,12000,12001,0.417000,885,3
8017,23,12000,12001,0.546000,886,5
8022,19,12000,12001,0.427000,887,7
8029,25,12000,12001,0.364000,888,1
8040,14,12000,12001,0.523000,889,15
8041,14,12000,12001,1.742000,890,71
8047,10,12000,12001,0.180000,891,4
8055,13,12000,12001,0.157000,892,2
8065,13,12000,12001,0.302000,893,2
8074,28,12000,12001,0.507000,894,6
8075,20,12000,12001,26.893000,921,1096
8079,28,12000,12001,0.420000,922,2
8082,32,12000,12001,0.546000,923,5
8090,16,12000,12001,0.157000,924,2
8095,43,12000,12001,1.133000,925,9
8103,5,12000,12001,0.037000,926,1
8123,25,12000,12001,0.411000,927,4
8135,32,12000,12001,0.963000,928,5
8147,13,12000,12001,0.153000,929,4
8161,26,12000,12001,0.398000,930,5
8187,10,12000,12001,0.169000,931,4
8211,3,12000,12001,0.038000,932,1
8235,7,12000,12001,0.406000,933,15
8255,27,12000,12001,1.089000,934,40
8284,5,12000,12001,0.056000,935,2
8321,7,12000,12001,0.039000,936,1
8354,22,12000,12001,0.105000,937,2
8410,3,12000,12001,0.059000,938,2
8483,2,12000,12001,0.036000,939,1
8532,18,12000,12001,0.269000,940,8
8569,12,12000,12001,0.219000,941,2
8612,19,12000,12001,0.481000,942,5
8631,29,12000,12001,0.729000,943,17
8646,25,12000,12001,0.779000,944,2
8658,7,12000,12001,0.147000,945,4
8676,12,12000,12001,0.978000,946,33
8685,9,12000,12001,0.087000,947,2
8698,25,12000,12001,0.265000,948,2
8704,19,12000,12001,0.624000,949,16
8707,29,12000,12001,0.738000,950,23
8710,25,12000,12001,0.164000,951,5
8719,35,12000,12001,0.795000,952,4
8725,23,12000,12001,0.846000,953,2
8732,23,12000,12001,0.692000,954,19
8740,11,12000,12001,0.087000,955,1
8745,33,12000,12001,1.240000,956,20
8753,2,12000,12001,0.032000,957,1
8771,20,12000,12001,0.766000,958,3
8787,35,12000,12001,0.486000,959,7
8794,21,12000,12001,0.397000,960,4
8808,21,12000,12001,0.328000,961,3
8815,16,12000,12001,0.099000,962,3
8828,8,12000,12001,0.086000,963,3
8842,3,12000,12001,0.037000,964,1
8854,24,12000,12001,0.609000,965,16
8863,15,12000,12001,0.181000,966,2
8877,15,12000,12001,0.350000,967,2
8887,20,12000,12001,0.169000,968,4
8894,46,12000,12001,1.177000,969,11
8901,22,12000,12001,0.306000,970,2
8918,28,12000,12001,0.943000,971,2
8929,33,12000,12001,0.573000,972,8
8939,41,12000,12001,0.868000,973,3
8948,31,12000,12001,0.449000,974,6
8964,25,12000,12001,0.357000,975,3
8981,19,12000,12001,0.049000,976,1
8994,34,12000,12001,0.484000,977,5
9013,32,12000,12001,0.820000,978,2
9025,19,12000,12001,0.106000,979,3
9040,28,12000,12001,0.851000,980,3
9053,23,12000,12001,0.241000,981,5
9064,17,12000,12001,0.157000,982,3
9071,35,12000,12001,1.082000,983,11
9074,25,12000,12001,1.287000,984,49
9080,9,12000,12001,0.201000,985,6
9089,19,12000,12001,0.216000,986,7
9099,19,12000,12001,0.329000,987,2
9113,30,12000,12001,0.915000,988,4
9132,24,12000,12001,0.339000,989,3
9150,18,12000,12001,0.256000,990,1
9160,19,12000,12001,0.266000,991,8
9163,27,12000,12001,0.404000,992,7
9167,25,12000,12001,0.579000,993,11
9176,27,12000,12001,1.262000,994,9
9183,18,12000,12001,0.939000,995,26
9197,22,12000,12001,0.667000,996,17
9213,32,12000,12001,0.492000,997,5
9228,23,12000,12001,0.397000,998,3
9239,23,12000,12001,0.282000,999,2
9265,32,12000,12001,1.059000,1000,7
9272,21,12000,12001,0.425000,1001,8
9283,14,12000,12001,0.329000,1002,9
9304,25,12000,12001,0.432000,1003,3
9319,16,12000,12001,0.305000,1004,1
9325,24,12000,12001,1.419000,1005,10
9332,26,12000,12001,0.475000,1006,7
9343,29,12000,12001,0.559000,1007,6
9348,33,12000,12001,1.231000,1008,6
9357,37,12000,12001,1.079000,1009,6
9359,23,12000,12001,0.683000,1010,17
9363,25,12000,12001,2.171000,1012,84
9371,14,12000,12001,0.240000,1013,7
9387,26,12000,12001,0.374000,1014,3
9398,15,12000,12001,0.323000,1015,7
9411,33,12000,12001,0.920000,1016,4
9419,24,12000,12001,0.464000,1017,3
9422,32,12000,12001,1.467000,1018,45
9434,36,12000,12001,1.002000,1019,4
9443,18,12000,12001,1.116000,1020,39
9446,20,12000,12001,0.350000,1021,8
9457,24,12000,12001,0.360000,1022,3
9464,26,12000,12001,1.102000,1023,11
9481,10,12000,12001,0.069000,1024,2
9490,25,12000,12001,1.868000,1026,51
9504,14,12000,12001,0.102000,1027,2
9530,19,12000,12001,0.228000,1028,2
9563,16,12000,12001,0.308000,1029,9
9584,16,12000,12001,0.369000,1030,12
9606,10,12000,12001,0.118000,1031,2
9658,10,12000,12001,0.088000,1032,3
9731,1,12000,12001,0.041000,1033,1
9788,2,12000,12001,0.039000,1034,1
9858,5,12000,12001,0.073000,1035,1
9925,16,12000,12001,0.110000,1036,2
9994,21,12000,12001,0.301000,1037,3
10028,3,12000,12001,0.066000,1038,2
10046,19,12000,12001,0.509000,1039,16
10071,7,12000,12001,0.057000,1040,1
10096,38,12000,12001,1.264000,1041,10
10108,25,12000,12001,0.475000,1042,5
10115,20,12000,12001,0.366000,1043,11
10133,25,12000,12001,0.835000,1044,19
10146,13,12000,12001,0.114000,1045,1
10154,24,12000,12001,1.787000,1046,61
10158,9,12000,12001,0.054000,1047,1
10166,25,12000,12001,0.665000,1048,12
10167,20,12000,12001,0.283000,1049,9
10171,10,12000,12001,0.127000,1050,3
10182,29,12000,12001,0.698000,1051,24
10190,38,12000,12001,0.517000,1052,6
10199,11,12000,12001,0.102000,1053,1
10218,5,12000,12001,0.043000,1054,1
10232,29,12000,12001,0.989000,1055,4
10249,20,12000,12001,0.435000,1056,4
10261,25,12000,12001,0.460000,1057,3
10273,19,12000,12001,0.758000,1058,10
10283,16,12000,12001,0.140000,1059,3
10299,21,12000,12001,0.612000,1060,13
10304,29,12000,12001,1.102000,1061,39
10310,19,12000,12001,0.225000,1062,1
10315,14,12000,12001,0.442000,1063,13
10327,20,12000,12001,0.178000,1064,3
10337,3,12000,12001,0.038000,1065,1
10345,28,12000,12001,0.310000,1066,2
10358,21,12000,12001,0.288000,1067,1
10365,23,12000,12001,0.149000,1068,3
10369,34,12000,12001,1.033000,1069,5
10379,22,12000,12001,0.275000,1070,2
10386,64,12000,12001,0.249000,1071,11
10398,5,12000,12001,0.039000,1072,1
10413,16,12000,12001,0.162000,1073,4
10425,10,12000,12001,0.092000,1074,1
10439,33,12000,12001,1.255000,1076,45
10457,16,12000,12001,0.272000,1077,2
10467,12,12000,12001,0.080000,1078,2
10473,23,12000,12001,0.193000,1079,4
10482,22,12000,12001,0.284000,1080,6
10495,18,12000,12001,0.783000,1081,24
10504,19,12000,12001,3.006000,1085,128
10506,22,12000,12001,0.120000,1086,1
10510,25,12000,12001,0.533000,1087,14
10520,23,12000,12001,0.630000,1088,11
10529,21,12000,12001,1.520000,1090,52
10535,8,12000,12001,0.103000,1091,2
10546,24,12000,12001,0.769000,1092,2
10552,17,12000,12001,0.414000,1093,3
10566,2,12000,12001,0.033000,1094,1
10574,15,12000,12001,0.989000,1095,31
10579,2,12000,12001,0.034000,1096,1
10597,24,12000,12001,0.076000,1097,3
10611,3,12000,12001,0.032000,1098,1
10620,3,12000,12001,0.054000,1099,1
10629,14,12000,12001,0.337000,1100,3
10638,18,12000,12001,0.088000,1101,1
10646,30,12000,12001,0.397000,1102,2
10653,34,12000,12001,0.181000,1103,5
10656,19,12000,12001,0.194000,1104,5
10662,25,12000,12001,0.509000,1105,5
10667,45,12000,12001,0.140000,1106,4
10678,25,12000,12001,0.541000,1107,7
10687,30,12000,12001,0.611000,1108,7
10692,26,12000,12001,0.375000,1109,4
10697,39,12000,12001,0.459000,1110,12
10700,17,12000,12001,0.496000,1111,14
10708,21,12000,12001,0.424000,1112,6
10715,11,12000,12001,0.189000,1113,6
10724,34,12000,12001,1.018000,1114,11
10725,30,12000,12001,2.260000,1115,86
10733,20,12000,12001,0.404000,1116,5
10744,6,12000,12001,0.082000,1117,2
10751,41,12000,12001,0.447000,1118,6
10757,12,12000,12001,0.114000,1119,4
10762,31,12000,12001,0.447000,1120,5
10767,19,12000,12001,0.316000,1121,3
10772,33,12000,12001,0.533000,1122,8
10774,29,12000,12001,0.375000,1123,4
10778,45,12000,12001,0.476000,1124,5
10784,19,12000,12001,1.181000,1125,36
10788,18,12000,12001,0.268000,1126,1
10789,34,12000,12001,3.344000,1137,120
10792,17,12000,12001,0.106000,1138,1
10795,31,12000,12001,0.384000,1139,4
10798,19,12000,12001,0.223000,1140,6
10802,18,12000,12001,0.081000,1141,3
10808,16,12000,12001,0.232000,1142,2
10824,27,12000,12001,0.289000,1143,7
10829,20,12000,12001,0.271000,1144,2
10835,17,12000,12001,0.305000,1145,7
10840,15,12000,12001,0.416000,1146,11
10846,13,12000,12001,0.161000,1147,2
10854,27,12000,12001,0.983000,1148,20
10861,22,12000,12001,0.880000,1149,2
10870,30,12000,12001,1.111000,1150,4
10881,9,12000,12001,0.073000,1151,1
10896,9,12000,12001,0.125000,1152,4
10906,21,12000,12001,0.499000,1153,11
10918,21,12000,12001,0.338000,1154,11
10939,1,12000,12001,0.047000,1155,1
10958,3,12000,12001,0.033000,1156,1
10970,14,12000,12001,0.348000,1157,12
10978,19,12000,12001,0.724000,1158,1
11009,2,12000,12001,0.032000,1159,1
11054,15,12000,12001,0.269000,1160,10
11090,16,12000,12001,0.260000,1161,1
11151,9,12000,12001,0.073000,1162,1
11216,12,12000,12001,0.047000,1163,1
11272,19,12000,12001,0.240000,1164,9
11318,14,12000,12001,0.076000,1165,1
11343,26,12000,12001,0.472000,1166,7
11358,33,12000,12001,0.519000,1167,5
11365,20,12000,12001,0.453000,1168,2
11370,28,12000,12001,0.958000,1169,3
11373,17,12000,12001,0.583000,1170,13
11374,16,12000,12001,1.011000,1172,37
11378,42,12000,12001,0.945000,1173,3
11380,21,12000,12001,1.137000,1174,11
11381,17,12000,12001,0.510000,1175,13
11387,24,12000,12001,1.072000,1177,22
11393,42,12000,12001,0.292000,1178,4
11397,30,12000,12001,0.852000,1179,3
11401,42,12000,12001,0.891000,1180,4
11403,39,12000,12001,0.997000,1181,4
11406,30,12000,12001,1.008000,1182,6
11408,27,12000,12001,2.091000,1185,62
11413,12,12000,12001,0.050000,1186,1
11419,19,12000,12001,0.258000,1187,1
11422,29,12000,12001,0.846000,1188,4
11426,47,12000,12001,1.180000,1190,28
11430,16,12000,12001,0.210000,1191,2
11433,39,12000,12001,1.206000,1192,7
11434,32,12000,12001,2.180000,1203,84
11437,31,12000,12001,0.797000,1204,2
11439,28,12000,12001,0.440000,1205,1
11441,36,12000,12001,0.843000,1206,4
11445,28,12000,12001,0.130000,1207,3
11448,27,12000,12001,0.590000,1208,2
11451,40,12000,12001,0.383000,1209,4
11453,26,12000,12001,0.836000,1210,4
11456,14,12000,12001,0.113000,1211,2
11458,31,12000,12001,1.014000,1212,5
11461,24,12000,12001,0.431000,1213,4
11464,20,12000,12001,0.374000,1214,5
11466,28,12000,12001,0.881000,1215,4
11470,20,12000,12001,0.532000,1216,2
11473,23,12000,12001,0.362000,1217,2
11477,26,12000,12001,0.374000,1218,5
11479,38,12000,12001,0.315000,1219,2
11482,25,12000,12001,0.832000,1220,3
11485,30,12000,12001,0.494000,1221,4
11486,42,12000,12001,0.653000,1222,7
11489,48,12000,12001,0.699000,1223,8
11491,36,12000,12001,0.484000,1224,3
11493,46,12000,12001,0.622000,1225,9
11495,37,12000,12001,1.017000,1226,6
11498,39,12000,12001,0.453000,1227,4
11499,49,12000,12001,0.609000,1228,5
11502,29,12000,12001,0.476000,1229,4
11504,26,12000,12001,0.578000,1230,6
11506,43,12000,12001,1.111000,1231,6
11508,47,12000,12001,0.956000,1232,5
11510,32,12000,12001,0.902000,1233,5
11512,47,12000,12001,1.024000,1234,4
11513,32,12000,12001,0.479000,1235,8
11515,34,12000,12001,0.440000,1236,4
11517,42,12000,12001,0.985000,1237,7
11520,42,12000,12001,0.981000,1238,6
11522,31,12000,12001,0.469000,1239,4
11527,22,12000,12001,0.180000,1240,4
11529,35,12000,12001,0.786000,1241,2
11533,26,12000,12001,0.472000,1242,4
11535,42,12000,12001,0.444000,1243,4
11538,35,12000,12001,1.129000,1244,6
11540,30,12000,12001,0.275000,1245,6
11543,33,12000,12001,1.461000,1246,10
11545,36,12000,12001,1.109000,1247,5
11550,26,12000,12001,0.353000,1248,3
11555,33,12000,12001,0.383000,1249,9
11559,42,12000,12001,0.983000,1250,3
11562,34,12000,12001,1.207000,1251,5
11564,22,12000,12001,0.416000,1252,6
11567,36,12000,12001,0.991000,1253,3
11571,24,12000,12001,0.139000,1254,3
11577,17,12000,12001,0.317000,1255,2
11583,48,12000,12001,0.507000,1256,3
11587,28,12000,12001,0.226000,1257,6
11592,16,12000,12001,0.099000,1258,2
11597,22,12000,12001,1.298000,1261,37
11600,26,12000,12001,0.464000,1262,15
11601,33,12000,12001,0.244000,1263,2
11604,33,12000,12001,0.398000,1264,4
11607,53,12000,12001,1.111000,1265,11
11608,40,12000,12001,1.035000,1266,4
11615,27,12000,12001,0.866000,1267,2
11621,20,12000,12001,0.766000,1268,2
11625,52,12000,12001,0.975000,1269,5
11629,23,12000,12001,0.277000,1270,6
11633,48,12000,12001,0.541000,1271,9
11636,45,12000,12001,1.343000,1272,10
11641,33,12000,12001,0.460000,1273,14
11646,33,12000,12001,0.412000,1274,3
11649,25,12000,12001,3.074000,1277,111
11651,22,12000,12001,0.855000,1278,29
11654,20,12000,12001,0.210000,1279,3
11656,39,12000,12001,0.931000,1280,3
11657,41,12000,12001,0.987000,1281,7
11661,39,12000,12001,0.962000,1282,4
11665,22,12000,12001,0.458000,1283,5
11667,39,12000,12001,0.523000,1284,7
11669,56,12000,12001,1.092000,1285,10
11672,28,12000,12001,0.561000,1286,6
11674,25,12000,12001,0.891000,1287,4
11679,24,12000,12001,0.343000,1288,8
11687,47,12000,12001,0.828000,1289,3
11689,38,12000,12001,0.967000,1290,6
11696,21,12000,12001,0.149000,1291,2
11703,38,12000,12001,1.050000,1292,6
11706,45,12000,12001,1.104000,1293,9
11710,50,12000,12001,1.104000,1294,11
11711,21,12000,12001,1.484000,1299,64
11713,37,12000,12001,0.369000,1300,1
11717,37,12000,12001,1.075000,1301,5
11718,39,12000,12001,0.914000,1302,2
11720,38,12000,12001,0.459000,1303,5
11722,37,12000,12001,0.930000,1304,4
11724,50,12000,12001,0.956000,1305,4
11726,30,12000,12001,0.520000,1306,8
11729,39,12000,12001,0.569000,1307,4
11731,33,12000,12001,1.189000,1308,9
11735,49,12000,12001,1.098000,1309,9
11736,41,12000,12001,1.138000,1310,12
11740,12,12000,12001,0.162000,1311,2
11743,35,12000,12001,0.454000,1312,13
11750,27,12000,12001,0.319000,1313,3
11754,32,12000,12001,0.374000,1314,10
11759,39,12000,12001,1.075000,1315,7
11764,29,12000,12001,1.292000,1317,44
11765,18,12000,12001,1.650000,1319,66
11767,48,12000,12001,0.501000,1320,2
11774,21,12000,12001,0.453000,1321,4
11778,50,12000,12001,1.237000,1322,14
11781,58,12000,12001,1.139000,1323,11
11782,49,12000,12001,0.608000,1324,11
11787,42,12000,12001,0.524000,1325,6
11790,39,12000,12001,1.147000,1326,6
11794,28,12000,12001,0.552000,1327,7
11796,39,12000,12001,0.589000,1328,9
11800,37,12000,12001,0.337000,1329,3
11802,43,12000,12001,0.488000,1330,3
11809,29,12000,12001,0.964000,1331,5
11814,32,12000,12001,0.490000,1332,5
11817,43,12000,12001,1.006000,1333,6
11820,35,12000,12001,1.040000,1334,7
11824,51,12000,12001,1.391000,1335,21
11827,34,12000,12001,1.026000,1336,5
11829,47,12000,12001,1.108000,1337,8
11832,32,12000,12001,0.507000,1338,6
11837,22,12000,12001,0.483000,1339,5
11842,60,12000,12001,1.424000,1340,7
11844,51,12000,12001,1.213000,1341,6
11846,46,12000,12001,1.002000,1342,5
11849,40,12000,12001,0.502000,1343,10
11853,37,12000,12001,1.024000,1344,7
11856,56,12000,12001,1.146000,1345,8
11859,41,12000,12001,0.506000,1346,5
11863,39,12000,12001,1.062000,1347,7
11867,30,12000,12001,0.664000,1348,10
11871,32,12000,12001,0.423000,1349,4
11876,33,12000,12001,0.980000,1350,8
11880,35,12000,12001,0.959000,1351,3
11882,18,12000,12001,1.248000,1353,41
11884,23,12000,12001,0.252000,1354,3
11886,44,12000,12001,1.051000,1355,3
11892,31,12000,12001,0.307000,1356,3
11895,18,12000,12001,6.712000,1369,260
11896,23,12000,12001,0.310000,1370,1
11898,27,12000,12001,0.367000,1371,2
11901,21,12000,12001,0.283000,1372,2
11906,23,12000,12001,0.396000,1373,3
11907,36,12000,12001,3.369000,1384,140
11911,24,12000,12001,0.442000,1385,4
11915,19,12000,12001,0.261000,1386,2
11918,25,12000,12001,0.299000,1387,2
11923,25,12000,12001,0.424000,1388,5
11926,36,12000,12001,1.033000,1389,5
11929,15,12000,12001,0.293000,1390,1
11932,24,12000,12001,1.271000,1391,7
11933,27,12000,12001,0.460000,1392,7
11940,33,12000,12001,0.532000,1393,7
11942,49,12000,12001,0.509000,1394,6
11946,30,12000,12001,1.520000,1396,58
11950,20,12000,12001,0.291000,1397,3
11955,28,12000,12001,0.382000,1398,1
11960,47,12000,12001,0.500000,1399,7
11966,44,12000,12001,0.983000,1400,4
11968,36,12000,12001,1.091000,1401,8
11972,20,12000,12001,0.321000,1402,4
11975,30,12000,12001,0.373000,1403,7
11978,29,12000,12001,0.924000,1404,2
11982,26,12000,12001,0.866000,1405,2
11987,23,12000,12001,0.486000,1406,6
11991,30,12000,12001,0.494000,1407,4
12000,17,12000,12001,0.270000,1408,8
12004,33,12000,12001,1.098000,1409,6
12014,36,12000,12001,0.491000,1410,5
12020,34,12000,12001,0.763000,1411,17
12022,36,12000,12001,1.019000,1412,4
12027,37,12000,12001,0.747000,1413,24
12028,25,12000,12001,0.755000,1414,15
12033,20,12000,12001,0.536000,1415,15
12040,33,12000,12001,0.342000,1416,4
12046,18,12000,12001,0.423000,1417,9
12049,18,12000,12001,2.616000,1418,104
12052,23,12000,12001,0.303000,1419,2
12053,20,12000,12001,1.884000,1420,58
12059,7,12000,12001,0.125000,1421,1
12066,39,12000,12001,0.798000,1422,2
12072,39,12000,12001,0.988000,1423,2
12077,47,12000,12001,0.769000,1424,14
12079,23,12000,12001,0.556000,1425,14
12085,17,12000,12001,0.289000,1426,7
12098,26,12000,12001,0.584000,1427,15
12102,39,12000,12001,0.433000,1428,4
12104,31,12000,12001,0.417000,1429,3
12111,50,12000,12001,1.170000,1430,5
12115,41,12000,12001,0.937000,1431,13
12125,20,12000,12001,0.357000,1432,3
12136,26,12000,12001,0.921000,1433,4
12143,38,12000,12001,0.917000,1434,5
12149,26,12000,12001,0.412000,1435,6
12158,40,12000,12001,1.256000,1436,12
12167,19,12000,12001,0.283000,1437,7
12178,28,12000,12001,1.154000,1438,27
12189,13,12000,12001,0.218000,1439,5
12205,16,12000,12001,0.295000,1440,1
12214,27,12000,12001,0.432000,1441,4
12224,12,12000,12001,0.147000,1442,4
12235,13,12000,12001,0.505000,1443,13
12243,32,12000,12001,0.956000,1444,30
12247,25,12000,12001,0.865000,1445,3
12253,32,12000,12001,0.505000,1446,6
12268,29,12000,12001,0.917000,1447,4
12269,24,12000,12001,5.683000,1457,237
12272,18,12000,12001,0.171000,1458,3
12273,35,12000,12001,0.354000,1459,6
12275,33,12000,12001,0.267000,1460,2
12279,35,12000,12001,0.517000,1461,5
12281,38,12000,12001,5.694000,1469,224
12290,21,12000,12001,0.280000,1470,2
12303,9,12000,12001,0.098000,1471,1
12311,31,12000,12001,1.153000,1472,12
12322,19,12000,12001,0.335000,1473,2
12342,34,12000,12001,0.288000,1474,6
12351,20,12000,12001,0.834000,1475,1
12374,20,12000,12001,0.657000,1476,6
12414,18,12000,12001,0.315000,1477,4
12458,12,12000,12001,0.158000,1478,3
12518,7,12000,12001,0.069000,1479,2
12574,3,12000,12001,0.043000,1480,1
12630,4,12000,12001,0.048000,1481,1
12687,3,12000,12001,0.080000,1482,2
12730,10,12000,12001,0.167000,1483,4
12756,18,12000,12001,0.186000,1484,4
12776,24,12000,12001,1.049000,1485,4
12790,6,12000,12001,0.101000,1486,1
12797,36,12000,12001,1.089000,1487,5
12801,29,12000,12001,0.722000,1488,20
12811,34,12000,12001,0.956000,1489,3
12816,12,12000,12001,0.165000,1490,2
12822,27,12000,12001,0.825000,1491,20
12827,5,12000,12001,0.070000,1492,1
12833,22,12000,12001,0.213000,1493,3
12838,21,12000,12001,0.879000,1494,26
12844,26,12000,12001,0.460000,1495,4
12849,22,12000,12001,0.409000,1496,2
12851,32,12000,12001,1.107000,1497,33
12854,43,12000,12001,0.575000,1498,7
12858,29,12000,12001,1.121000,1499,5
12863,27,12000,12001,0.981000,1500,4
12868,17,12000,12001,0.269000,1501,1
12872,31,12000,12001,0.566000,1502,6
12876,26,12000,12001,0.556000,1503,3
12877,30,12000,12001,0.725000,1504,20
12880,19,12000,12001,0.329000,1505,8
12883,16,12000,12001,0.183000,1506,3
12889,25,12000,12001,0.537000,1507,16
12895,12,12000,12001,0.404000,1508,13
12900,29,12000,12001,0.761000,1509,23
12903,29,12000,12001,0.413000,1510,3
12907,39,12000,12001,1.014000,1511,3
12910,38,12000,12001,0.487000,1512,4
12917,27,12000,12001,1.113000,1513,6
12926,22,12000,12001,0.848000,1514,20
12929,35,12000,12001,0.552000,1515,17
12939,27,12000,12001,0.352000,1516,11
12943,32,12000,12001,0.347000,1517,6
12947,56,12000,12001,1.291000,1518,13
12950,43,12000,12001,1.056000,1519,4
12954,46,12000,12001,1.041000,1520,4
12958,28,12000,12001,0.743000,1521,10
12964,25,12000,12001,1.555000,1523,63
12972,27,12000,12001,0.517000,1524,4
12976,47,12000,12001,1.075000,1525,6
12978,52,12000,12001,1.223000,1526,13
12983,60,12000,12001,1.297000,1527,11
12986,26,12000,12001,0.801000,1528,6
12987,26,12000,12001,1.284000,1529,45
12995,32,12000,12001,0.351000,1530,3
12998,38,12000,12001,1.701000,1533,66
13007,27,12000,12001,0.918000,1534,5
13014,31,12000,12001,0.958000,1535,4
13016,56,12000,12001,1.172000,1536,6
13018,63,12000,12001,1.275000,1537,15
13021,33,12000,12001,0.541000,1538,4
13025,28,12000,12001,0.466000,1539,7
13030,30,12000,12001,0.370000,1540,6
13036,32,12000,12001,0.379000,1541,4
13044,25,12000,12001,0.626000,1542,5
13050,26,12000,12001,0.455000,1543,4
13057,28,12000,12001,1.064000,1544,35
13059,33,12000,12001,0.244000,1545,5
13066,34,12000,12001,0.938000,1546,3
13073,38,12000,12001,0.506000,1547,4
13080,36,12000,12001,1.555000,1548,30
13087,36,12000,12001,1.121000,1549,7
13090,32,12000,12001,2.143000,1552,61
13097,43,12000,12001,0.447000,1553,3
13103,34,12000,12001,1.036000,1554,6
13106,37,12000,12001,0.502000,1555,3
13109,37,12000,12001,0.673000,1556,6
13112,26,12000,12001,0.425000,1557,4
13116,45,12000,12001,1.163000,1558,7
13123,41,12000,12001,0.976000,1559,5
13128,43,12000,12001,1.174000,1560,10
13133,23,12000,12001,1.716000,1561,63
13136,29,12000,12001,0.463000,1562,3
13139,50,12000,12001,1.229000,1563,6
13140,60,12000,12001,1.035000,1564,5
13145,31,12000,12001,0.335000,1565,3
13150,22,12000,12001,0.141000,1566,1
13158,30,12000,12001,0.553000,1567,6
13159,33,12000,12001,1.147000,1568,31
13164,49,12000,12001,0.596000,1569,9
13166,35,12000,12001,0.565000,1570,8
13169,36,12000,12001,1.171000,1571,10
13172,42,12000,12001,1.342000,1572,11
13177,27,12000,12001,0.364000,1573,3
13181,53,12000,12001,1.101000,1574,7
13182,44,12000,12001,1.215000,1575,7
13186,42,12000,12001,0.401000,1576,4
13189,39,12000,12001,1.528000,1577,8
13191,34,12000,12001,0.962000,1578,5
13194,25,12000,12001,0.227000,1579,3
13196,22,12000,12001,0.520000,1580,15
13200,25,12000,12001,0.549000,1581,5
13203,34,12000,12001,0.649000,1582,9
13206,30,12000,12001,0.476000,1583,2
13211,35,12000,12001,1.015000,1584,7
13218,29,12000,12001,0.307000,1585,3
13220,47,12000,12001,1.008000,1586,5
13224,43,12000,12001,1.148000,1587,6
13228,50,12000,12001,1.089000,1588,5
13232,54,12000,12001,1.001000,1589,4
13235,36,12000,12001,0.552000,1590,4
13239,23,12000,12001,0.303000,1591,6
13241,17,12000,12001,0.383000,1592,1
13245,42,12000,12001,1.760000,1594,62
13247,58,12000,12001,1.245000,1595,5
13249,49,12000,12001,1.395000,1596,16
13252,90,12000,12001,1.118000,1597,6
13258,60,12000,12001,0.594000,1598,6
13266,41,12000,12001,1.316000,1599,13
13269,52,12000,12001,1.076000,1600,6
13273,45,12000,12001,0.409000,1601,4
13277,27,12000,12001,0.663000,1602,10
13282,46,12000,12001,0.657000,1603,8
13285,42,12000,12001,0.996000,1604,4
13291,31,12000,12001,1.103000,1605,9
13294,45,12000,12001,0.946000,1606,2
13301,33,12000,12001,0.475000,1607,3
13304,47,12000,12001,1.183000,1608,10
13308,33,12000,12001,0.988000,1609,6
13312,30,12000,12001,0.757000,1610,21
13314,27,12000,12001,0.994000,1611,5
13320,48,12000,12001,0.527000,1612,5
13323,40,12000,12001,1.220000,1613,12
13330,36,12000,12001,0.429000,1614,3
13336,40,12000,12001,1.115000,1615,5
13341,37,12000,12001,1.089000,1616,6
13346,31,12000,12001,0.990000,1617,2
13353,31,12000,12001,0.292000,1618,2
13354,26,12000,12001,3.837000,1626,138
13355,19,12000,12001,0.414000,1627,1
13359,16,12000,12001,0.441000,1628,14
13364,26,12000,12001,1.494000,1630,53
13367,18,12000,12001,0.432000,1631,13
13373,39,12000,12001,1.052000,1632,3
13375,46,12000,12001,1.090000,1633,4
13378,44,12000,12001,0.596000,1634,7
13382,47,12000,12001,0.294000,1635,6
13385,42,12000,12001,1.098000,1636,4
13387,31,12000,12001,0.491000,1637,7
13392,44,12000,12001,0.468000,1638,2
13396,35,12000,12001,0.430000,1639,11
13399,27,12000,12001,1.036000,1640,36
13402,30,12000,12001,0.839000,1641,2
13406,31,12000,12001,0.989000,1642,4
13409,26,12000,12001,0.151000,1643,2
13414,36,12000,12001,0.333000,1644,2
13418,34,12000,12001,0.955000,1645,8
13423,22,12000,12001,0.873000,1646,17
13427,24,12000,12001,0.696000,1647,4
13428,20,12000,12001,0.711000,1648,27
13433,22,12000,12001,0.947000,1649,4
13436,21,12000,12001,0.334000,1650,2
13440,24,12000,12001,0.877000,1651,3
13448,19,12000,12001,0.283000,1652,2
13462,17,12000,12001,0.265000,1653,1
13470,34,12000,12001,0.547000,1654,19
13475,28,12000,12001,0.347000,1655,3
13483,13,12000,12001,1.432000,1657,54
13484,12,12000,12001,0.194000,1658,3
13491,14,12000,12001,0.291000,1659,3
13493,28,12000,12001,0.956000,1660,4
13498,36,12000,12001,0.621000,1661,10
13503,23,12000,12001,0.306000,1662,4
13507,41,12000,12001,1.071000,1663,5
13511,17,12000,12001,0.195000,1664,2
13515,19,12000,12001,0.885000,1665,2
13522,19,12000,12001,0.332000,1666,3
13529,16,12000,12001,0.179000,1667,3
13536,18,12000,12001,0.862000,1668,2
13543,34,12000,12001,0.875000,1669,5
13548,62,12000,12001,1.162000,1670,7
13550,26,12000,12001,0.692000,1671,14
13557,26,12000,12001,0.362000,1672,4
13564,33,12000,12001,0.394000,1673,6
13568,24,12000,12001,0.304000,1674,2
13576,41,12000,12001,0.520000,1675,7
13580,16,12000,12001,0.195000,1676,4
13587,47,12000,12001,0.551000,1677,14
13592,16,12000,12001,0.218000,1678,4
13598,29,12000,12001,0.504000,1679,6
13603,26,12000,12001,0.190000,1680,4
13610,28,12000,12001,0.548000,1681,4
13612,20,12000,12001,3.221000,1686,123
13614,12,12000,12001,0.110000,1687,2
13617,24,12000,12001,0.328000,1688,2
13621,23,12000,12001,0.296000,1689,2
13625,40,12000,12001,1.151000,1690,7
13627,22,12000,12001,0.300000,1691,2
13636,33,12000,12001,0.946000,1692,6
13638,33,12000,12001,1.090000,1693,8
13642,29,12000,12001,0.543000,1694,7
13647,18,12000,12001,0.308000,1695,1
13653,46,12000,12001,1.014000,1696,5
13656,32,12000,12001,0.922000,1697,3
13661,40,12000,12001,1.068000,1698,6
13665,28,12000,12001,0.288000,1699,6
13669,32,12000,12001,0.296000,1700,3
13673,55,12000,12001,0.470000,1701,5
13676,38,12000,12001,0.466000,1702,6
13679,36,12000,12001,1.398000,1705,52
13681,27,12000,12001,0.346000,1706,2
13688,11,12000,12001,0.117000,1707,3
13691,26,12000,12001,0.330000,1708,1
13694,19,12000,12001,0.203000,1709,5
13696,29,12000,12001,1.174000,1711,48
13699,37,12000,12001,0.918000,1712,3
13713,10,12000,12001,0.087000,1713,2
13727,7,12000,12001,0.102000,1714,2
13742,10,12000,12001,0.132000,1715,5
13767,22,12000,12001,0.426000,1716,3
13780,2,12000,12001,0.074000,1717,1
13803,25,12000,12001,0.667000,1718,3
13823,18,12000,12001,0.680000,1719,19
13845,23,12000,12001,0.202000,1720,4
13898,12,12000,12001,0.179000,1721,4
13938,6,12000,12001,0.073000,1722,2
14022,3,12000,12001,0.081000,1723,1
14090,8,12000,12001,0.111000,1724,1
14145,23,12000,12001,0.607000,1725,17
14168,22,12000,12001,0.893000,1726,3
14184,8,12000,12001,0.158000,1727,3
14194,30,12000,12001,0.801000,1728,7
14200,21,12000,12001,0.526000,1729,14
14208,28,12000,12001,0.426000,1730,2
14214,28,12000,12001,0.651000,1731,5
14219,25,12000,12001,0.414000,1732,4
14227,21,12000,12001,0.434000,1733,7
14232,41,12000,12001,0.994000,1734,6
14235,24,12000,12001,0.702000,1735,3
14240,47,12000,12001,0.489000,1736,3
14245,26,12000,12001,0.417000,1737,5
14248,31,12000,12001,0.587000,1738,4
14253,30,12000,12001,0.975000,1739,23
14258,32,12000,12001,0.945000,1740,3
14265,29,12000,12001,0.987000,1741,3
14269,31,12000,12001,0.998000,1742,26
14273,25,12000,12001,0.435000,1743,2
14277,41,12000,12001,1.061000,1744,5
14280,37,12000,12001,1.003000,1746,27
14283,28,12000,12001,1.067000,1747,3
14290,30,12000,12001,0.369000,1748,5
14294,27,12000,12001,0.677000,1749,5
14299,28,12000,12001,0.983000,1750,6
14302,41,12000,12001,1.142000,1751,6
14306,35,12000,12001,0.649000,1752,7
14309,30,12000,12001,1.164000,1753,5
14311,32,12000,12001,0.594000,1754,9
14313,27,12000,12001,1.066000,1755,34
14316,27,12000,12001,0.528000,1756,6
14319,29,12000,12001,0.591000,1757,7
14321,35,12000,12001,0.294000,1758,6
14325,58,12000,12001,1.467000,1759,4
14326,54,12000,12001,1.175000,1760,6
14327,43,12000,12001,1.058000,1761,8
14329,69,12000,12001,1.021000,1762,5
14331,32,12000,12001,0.562000,1763,5
14333,37,12000,12001,0.526000,1764,3
14335,44,12000,12001,1.185000,1765,7
14336,37,12000,12001,0.616000,1766,10
14340,36,12000,12001,1.268000,1769,38
14341,30,12000,12001,0.393000,1770,1
14345,48,12000,12001,0.996000,1771,4
14347,43,12000,12001,1.061000,1772,5
14350,41,12000,12001,1.008000,1773,4
14353,25,12000,12001,0.445000,1774,8
14355,43,12000,12001,0.548000,1775,4
14359,38,12000,12001,0.523000,1776,4
14361,53,12000,12001,1.115000,1777,6
14363,39,12000,12001,0.584000,1778,6
14369,11,12000,12001,0.155000,1779,2
14376,24,12000,12001,0.390000,1780,9
14379,42,12000,12001,0.587000,1781,6
14383,31,12000,12001,1.631000,1783,44
14386,23,12000,12001,0.375000,1784,4
14390,46,12000,12001,0.549000,1785,3
14392,26,12000,12001,0.588000,1786,7
14396,37,12000,12001,1.107000,1787,7
14397,44,12000,12001,0.422000,1788,5
14406,39,12000,12001,1.225000,1789,11
14409,38,12000,12001,0.987000,1790,7
14411,38,12000,12001,0.929000,1791,3
14415,34,12000,12001,0.981000,1792,6
14421,37,12000,12001,0.904000,1793,4
14425,22,12000,12001,0.335000,1794,7
14436,23,12000,12001,0.579000,1795,5
14444,38,12000,12001,0.731000,1796,11
14450,35,12000,12001,1.145000,1797,12
14456,37,12000,12001,1.151000,1798,7
14460,41,12000,12001,0.611000,1799,8
14464,38,12000,12001,1.115000,1800,4
14468,41,12000,12001,0.739000,1801,12
14473,24,12000,12001,1.107000,1802,6
14478,34,12000,12001,1.102000,1803,6
14483,34,12000,12001,1.237000,1804,10
14485,45,12000,12001,1.135000,1805,8
14490,22,12000,12001,0.412000,1806,5
14496,21,12000,12001,0.900000,1807,2
14503,40,12000,12001,0.859000,1808,2
14507,42,12000,12001,1.343000,1809,17
14510,49,12000,12001,1.066000,1810,9
14513,49,12000,12001,1.044000,1811,25
14518,30,12000,12001,0.596000,1812,8
14522,32,12000,12001,0.605000,1813,17
14527,36,12000,12001,0.641000,1814,10
14530,25,12000,12001,0.433000,1815,2
14534,20,12000,12001,0.476000,1816,2
14539,60,12000,12001,1.269000,1817,7
14541,22,12000,12001,0.993000,1818,5
14546,37,12000,12001,1.266000,1819,13
14549,25,12000,12001,0.515000,1820,4
14553,38,12000,12001,0.523000,1821,2
14560,32,12000,12001,1.099000,1822,4
14561,39,12000,12001,1.350000,1823,23
14565,36,12000,12001,1.101000,1824,5
14569,27,12000,12001,0.312000,1825,5
14570,45,12000,12001,2.413000,1827,75
14573,43,12000,12001,1.056000,1828,3
14574,19,12000,12001,0.503000,1829,13
14577,65,12000,12001,1.217000,1830,6
14578,35,12000,12001,0.435000,1831,2
14580,39,12000,12001,0.917000,1832,5
14586,23,12000,12001,0.355000,1833,3
14589,41,12000,12001,1.030000,1834,3
14593,38,12000,12001,1.105000,1835,7
14597,24,12000,12001,0.920000,1836,9
14600,18,12000,12001,0.322000,1837,2
14603,45,12000,12001,1.041000,1838,20
14609,42,12000,12001,0.626000,1839,10
14613,53,12000,12001,1.112000,1840,7
14617,59,12000,12001,1.138000,1841,7
14621,35,12000,12001,1.157000,1842,10
14624,45,12000,12001,1.378000,1843,4
14628,41,12000,12001,0.995000,1844,3
14631,44,12000,12001,1.142000,1845,9
14633,36,12000,12001,0.925000,1846,4
14637,33,12000,12001,1.337000,1847,3
14641,26,12000,12001,0.475000,1848,5
14647,29,12000,12001,1.207000,1849,43
14650,37,12000,12001,0.931000,1850,2
14655,44,12000,12001,1.178000,1851,6
14659,34,12000,12001,0.484000,1852,4
14662,30,12000,12001,0.368000,1853,11
14670,29,12000,12001,1.034000,1854,5
14673,43,12000,12001,0.586000,1855,6
14675,43,12000,12001,1.052000,1856,10
14677,36,12000,12001,1.010000,1857,3
14682,26,12000,12001,0.343000,1858,8
14688,40,12000,12001,0.625000,1859,4
14692,29,12000,12001,1.117000,1860,5
14701,26,12000,12001,0.468000,1861,1
14709,17,12000,12001,0.921000,1863,28
14713,23,12000,12001,0.425000,1864,6
14716,33,12000,12001,0.456000,1865,3
14720,28,12000,12001,1.111000,1866,6
14722,25,12000,12001,1.067000,1867,5
14727,13,12000,12001,0.196000,1868,5
14730,24,12000,12001,0.498000,1869,5
14736,21,12000,12001,0.438000,1870,3
14741,22,12000,12001,0.467000,1871,3
14748,43,12000,12001,0.539000,1872,5
14753,42,12000,12001,0.953000,1873,6
14756,43,12000,12001,0.527000,1874,7
14763,39,12000,12001,1.124000,1875,5
14765,20,12000,12001,0.706000,1876,25
14766,20,12000,12001,0.382000,1877,6
14773,31,12000,12001,0.911000,1878,4
14778,31,12000,12001,0.913000,1879,6
14786,26,12000,12001,0.282000,1880,2
14791,27,12000,12001,0.636000,1881,15
14802,14,12000,12001,0.124000,1882,2
14811,11,12000,12001,0.141000,1883,3
14816,14,12000,12001,0.118000,1884,1
14821,25,12000,12001,1.507000,1887,64
14824,16,12000,12001,0.221000,1888,6
14830,8,12000,12001,0.122000,1889,1
14835,30,12000,12001,1.407000,1894,47
14840,24,12000,12001,0.875000,1895,4
14842,34,12000,12001,0.666000,1896,7
14847,19,12000,12001,0.301000,1897,3
14855,19,12000,12001,0.435000,1898,4
14868,30,12000,12001,0.505000,1899,14
14878,32,12000,12001,0.409000,1900,6
14885,36,12000,12001,0.958000,1901,7
14892,11,12000,12001,0.160000,1902,3
14901,32,12000,12001,0.504000,1903,4
14905,33,12000,12001,0.528000,1904,9
14913,28,12000,12001,0.326000,1905,8
14917,29,12000,12001,0.396000,1906,2
14925,51,12000,12001,1.106000,1907,8
14933,13,12000,12001,0.136000,1908,2
14940,18,12000,12001,0.453000,1909,3
14946,41,12000,12001,1.030000,1910,6
14952,37,12000,12001,0.949000,1911,4
14957,26,12000,12001,0.517000,1912,5
14961,28,12000,12001,0.510000,1913,17
14968,26,12000,12001,0.477000,1914,15
14973,10,12000,12001,0.143000,1915,4
14977,10,12000,12001,0.703000,1916,26
14978,18,12000,12001,3.973000,1923,158
14980,25,12000,12001,0.577000,1924,1
14984,12,12000,12001,0.174000,1925,4
14989,29,12000,12001,0.992000,1926,4
14992,40,12000,12001,1.022000,1927,7
14994,24,12000,12001,0.411000,1928,3
14997,37,12000,12001,0.460000,1929,7
15000,39,12000,12001,1.244000,1930,5
15003,29,12000,12001,0.691000,1931,4
15009,34,12000,12001,0.478000,1932,4
15013,32,12000,12001,0.432000,1933,3
15015,55,12000,12001,1.083000,1934,5
15016,51,12000,12001,1.519000,1935,9
15018,21,12000,12001,0.277000,1936,7
15021,28,12000,12001,1.241000,1937,6
15022,36,12000,12001,0.559000,1938,8
15027,22,12000,12001,0.396000,1939,3
15031,36,12000,12001,0.778000,1940,1
15033,38,12000,12001,0.939000,1941,4
15035,28,12000,12001,0.158000,1942,3
15039,34,12000,12001,0.205000,1943,4
15044,13,12000,12001,0.186000,1944,3
15051,18,12000,12001,0.220000,1945,6
15054,10,12000,12001,0.108000,1946,4
15062,27,12000,12001,0.454000,1947,2
15065,22,12000,12001,0.394000,1948,2
15067,31,12000,12001,0.467000,1949,5
15071,23,12000,12001,0.444000,1950,2
15072,24,12000,12001,0.582000,1951,12
15076,30,12000,12001,1.091000,1952,8
15078,27,12000,12001,0.263000,1953,2
15081,19,12000,12001,0.342000,1954,6
15087,27,12000,12001,0.857000,1955,3
15091,26,12000,12001,0.365000,1956,4
15099,13,12000,12001,0.170000,1957,4
15104,14,12000,12001,0.294000,1958,2
15113,14,12000,12001,0.259000,1959,1
15124,10,12000,12001,0.090000,1960,1
15133,19,12000,12001,0.171000,1961,3
15142,24,12000,12001,0.818000,1962,3
15149,30,12000,12001,0.982000,1963,5
15161,1,12000,12001,0.033000,1964,1
15179,27,12000,12001,0.237000,1965,1
15196,17,12000,12001,0.392000,1966,3
15214,18,12000,12001,0.275000,1967,3
15243,3,12000,12001,0.039000,1968,1
15262,1,12000,12001,0.034000,1969,1
15282,20,12000,12001,0.425000,1970,8
15297,12,12000,12001,0.190000,1971,3
15317,1,12000,12001,0.035000,1972,1
15348,4,12000,12001,0.063000,1973,2
15377,31,12000,12001,1.175000,1974,3
15397,26,12000,12001,0.320000,1975,3
15416,10,12000,12001,0.057000,1976,1
15437,13,12000,12001,0.268000,1977,1
15456,2,12000,12001,0.044000,1978,1
15482,2,12000,12001,0.035000,1979,1
15509,1,12000,12001,0.036000,1980,1
15528,43,12000,12001,0.505000,1981,5
15536,18,12000,12001,0.268000,1982,3
15543,37,12000,12001,0.338000,1983,4
15548,18,12000,12001,0.324000,1984,9
15551,35,12000,12001,0.399000,1985,6
15555,21,12000,12001,0.301000,1986,2
15557,30,12000,12001,1.406000,1987,19
15563,27,12000,12001,0.678000,1988,13
15567,22,12000,12001,0.842000,1989,2
15569,21,12000,12001,1.667000,1993,64
15571,15,12000,12001,0.107000,1994,1
15576,27,12000,12001,0.954000,1995,6
15579,17,12000,12001,0.563000,1996,2
15585,14,12000,12001,0.242000,1997,5
15591,42,12000,12001,0.408000,1998,2
15596,40,12000,12001,0.552000,1999,9
15598,21,12000,12001,0.231000,2000,5
15601,22,12000,12001,0.261000,2001,2
15607,26,12000,12001,0.953000,2002,2
15612,37,12000,12001,1.082000,2003,3
15614,77,12000,12001,0.969000,2004,4
15617,14,12000,12001,0.189000,2005,5
15618,26,12000,12001,1.088000,2006,34
15619,15,12000,12001,0.779000,2007,25
15622,54,12000,12001,0.521000,2008,4
15624,32,12000,12001,0.456000,2009,2
15629,29,12000,12001,0.926000,2010,5
15634,43,12000,12001,1.023000,2011,4
15636,28,12000,12001,1.173000,2012,6
15643,26,12000,12001,0.946000,2013,3
15649,41,12000,12001,0.995000,2014,9
15655,18,12000,12001,0.404000,2015,1
15657,42,12000,12001,1.061000,2016,4
15660,42,12000,12001,1.054000,2017,5
15662,36,12000,12001,0.505000,2018,5
15665,35,12000,12001,0.493000,2019,4
15667,32,12000,12001,0.513000,2020,14
15670,30,12000,12001,0.510000,2021,3
15676,12,12000,12001,0.127000,2022,1
15680,51,12000,12001,1.047000,2023,6
15684,40,12000,12001,1.035000,2024,6
15689,33,12000,12001,0.542000,2025,5
15691,30,12000,12001,0.371000,2026,5
15696,33,12000,12001,1.118000,2027,7
15699,17,12000,12001,0.294000,2028,7
15702,28,12000,12001,4.935000,2056,184
15704,46,12000,12001,1.321000,2057,2
15709,31,12000,12001,1.961000,2063,76
15712,28,12000,12001,0.973000,2064,3
15714,30,12000,12001,0.128000,2065,2
15720,24,12000,12001,0.172000,2066,2
15724,30,12000,12001,1.071000,2067,6
15727,28,12000,12001,0.985000,2068,2
15731,29,12000,12001,0.435000,2069,3
15735,28,12000,12001,0.517000,2070,4
15737,29,12000,12001,0.297000,2071,6
15743,30,12000,12001,0.470000,2072,4
15747,22,12000,12001,0.898000,2073,3
15755,21,12000,12001,0.431000,2074,10
15759,17,12000,12001,0.257000,2075,7
15762,29,12000,12001,0.995000,2076,3
15764,52,12000,12001,1.016000,2077,3
15767,27,12000,12001,0.339000,2078,4
15771,31,12000,12001,0.372000,2079,4
15774,21,12000,12001,0.901000,2080,4
15779,32,12000,12001,0.561000,2081,4
15781,42,12000,12001,0.951000,2082,5
15785,39,12000,12001,0.927000,2083,4
15786,46,12000,12001,0.605000,2084,8
15791,39,12000,12001,0.120000,2085,2
15794,27,12000,12001,0.811000,2086,1
15798,21,12000,12001,0.918000,2087,4
15801,29,12000,12001,0.997000,2088,4
15804,27,12000,12001,0.533000,2089,5
15810,27,12000,12001,0.412000,2090,2
15815,35,12000,12001,1.094000,2091,4
15818,31,12000,12001,1.219000,2092,8
15819,19,12000,12001,0.324000,2093,11
15823,22,12000,12001,0.853000,2094,3
15825,16,12000,12001,0.321000,2095,5
15830,26,12000,12001,1.029000,2096,4
15832,22,12000,12001,0.305000,2097,2
15836,29,12000,12001,0.559000,2098,7
15839,44,12000,12001,1.074000,2099,2
15841,39,12000,12001,0.559000,2100,8
15843,44,12000,12001,0.522000,2101,6
15845,32,12000,12001,1.062000,2102,9
15848,42,12000,12001,0.462000,2103,5
15849,41,12000,12001,1.197000,2104,15
15852,18,12000,12001,0.218000,2105,4
15854,22,12000,12001,3.746000,2142,141
15857,28,12000,12001,0.257000,2143,2
15859,46,12000,12001,0.941000,2144,2
15861,43,12000,12001,0.534000,2145,4
15863,32,12000,12001,0.142000,2146,1
15866,48,12000,12001,0.472000,2147,4
15871,29,12000,12001,0.413000,2148,5
15874,35,12000,12001,1.012000,2149,5
15876,36,12000,12001,0.993000,2150,3
15879,26,12000,12001,0.843000,2151,3
15881,28,12000,12001,0.982000,2152,5
15884,33,12000,12001,0.575000,2153,4
15886,32,12000,12001,0.885000,2154,3
15888,36,12000,12001,3.326000,2204,129
15889,35,12000,12001,1.013000,2205,1
15890,32,12000,12001,0.503000,2206,2
15891,34,12000,12001,0.454000,2207,2
15893,16,12000,12001,0.110000,2208,2
15896,28,12000,12001,1.003000,2209,4
15897,28,12000,12001,0.962000,2210,2
15900,17,12000,12001,0.265000,2211,1
15903,13,12000,12001,0.100000,2212,1
15905,36,12000,12001,1.098000,2213,4
15907,31,12000,12001,0.554000,2214,4
15909,30,12000,12001,0.452000,2215,1
15912,31,12000,12001,1.078000,2216,3
15914,16,12000,12001,0.178000,2217,4
15916,38,12000,12001,0.270000,2218,3
15918,35,12000,12001,1.266000,2219,2
15921,37,12000,12001,0.416000,2220,5
15924,19,12000,12001,0.156000,2221,2
15927,26,12000,12001,1.023000,2222,3
15930,29,12000,12001,0.565000,2223,4
15934,27,12000,12001,0.865000,2224,4
15937,24,12000,12001,0.276000,2225,6
15939,44,12000,12001,1.108000,2226,5
15941,21,12000,12001,0.564000,2227,5
15943,32,12000,12001,0.994000,2228,6
15945,37,12000,12001,1.153000,2229,6
15947,28,12000,12001,0.500000,2230,6
15950,27,12000,12001,0.265000,2231,6
15953,23,12000,12001,0.555000,2232,4
15957,28,12000,12001,1.096000,2233,5
15961,26,12000,12001,1.050000,2234,3
15964,34,12000,12001,0.875000,2235,12
15965,19,12000,12001,0.143000,2236,2
15968,31,12000,12001,0.872000,2237,4
15970,47,12000,12001,0.559000,2238,6
15972,26,12000,12001,0.646000,2239,8
15974,26,12000,12001,0.413000,2240,1
15976,33,12000,12001,1.104000,2241,7
15978,31,12000,12001,1.001000,2242,4
15979,35,12000,12001,3.681000,2256,146
15981,106,12000,12001,0.493000,2257,2
15984,22,12000,12001,0.422000,2258,3
15986,25,12000,12001,0.967000,2259,2
15989,12,12000,12001,0.185000,2260,4
15992,10,12000,12001,0.110000,2261,1
15996,32,12000,12001,0.469000,2262,5
15998,39,12000,12001,1.083000,2263,5
16001,29,12000,12001,1.022000,2264,3
16004,33,12000,12001,1.006000,2265,4
16007,37,12000,12001,0.510000,2266,4
16010,18,12000,12001,6.025000,2281,236
16011,28,12000,12001,0.491000,2282,1
16013,20,12000,12001,0.134000,2283,3
16016,36,12000,12001,0.866000,2284,1
16021,30,12000,12001,1.024000,2285,3
16024,37,12000,12001,0.607000,2286,7
16027,38,12000,12001,1.064000,2287,5
16029,29,12000,12001,0.912000,2288,2
16032,28,12000,12001,0.493000,2289,5
16036,26,12000,12001,0.355000,2290,3
16041,27,12000,12001,0.310000,2291,9
16043,33,12000,12001,0.868000,2292,4
16044,41,12000,12001,1.122000,2293,11
16047,20,12000,12001,0.267000,2294,1
16054,31,12000,12001,0.475000,2295,4
16057,25,12000,12001,0.465000,2296,4
16062,24,12000,12001,1.011000,2297,4
16065,27,12000,12001,0.463000,2298,3
16068,32,12000,12001,1.050000,2299,9
16071,25,12000,12001,0.502000,2300,3
16074,37,12000,12001,0.861000,2301,3
16078,33,12000,12001,0.886000,2302,4
16082,25,12000,12001,1.056000,2303,4
16090,38,12000,12001,1.025000,2304,5
16091,38,12000,12001,1.193000,2305,11
16096,17,12000,12001,0.249000,2306,2
16101,35,12000,12001,1.097000,2307,6
16106,29,12000,12001,0.278000,2308,2
16115,17,12000,12001,0.272000,2309,2
16120,20,12000,12001,0.186000,2310,4
16123,45,12000,12001,1.120000,2311,7
16125,29,12000,12001,0.483000,2312,6
16127,21,12000,12001,0.232000,2313,5
16131,36,12000,12001,0.544000,2314,6
16133,29,12000,12001,0.427000,2315,7
16139,30,12000,12001,0.463000,2316,3
16145,40,12000,12001,0.274000,2317,8
16150,29,12000,12001,0.847000,2318,4
16156,37,12000,12001,0.454000,2319,4
16160,36,12000,12001,2.717000,2330,101
16167,38,12000,12001,0.827000,2331,3
16173,22,12000,12001,0.639000,2332,2
16181,27,12000,12001,0.865000,2333,4
16189,46,12000,12001,1.100000,2334,5
16193,46,12000,12001,0.415000,2335,9
16199,30,12000,12001,0.474000,2336,5
16202,26,12000,12001,0.519000,2337,7
16216,27,12000,12001,0.874000,2338,4
16229,24,12000,12001,0.614000,2339,8
16241,13,12000,12001,0.182000,2340,5
16254,22,12000,12001,0.340000,2341,4
16260,11,12000,12001,0.162000,2342,3
16267,36,12000,12001,0.540000,2343,6
16269,50,12000,12001,1.297000,2344,27
16275,32,12000,12001,0.611000,2345,19
16285,51,12000,12001,0.408000,2346,4
16293,66,12000,12001,1.288000,2347,35
16296,54,12000,12001,0.512000,2348,15
16305,35,12000,12001,0.259000,2349,4
16313,40,12000,12001,0.490000,2350,14
16324,32,12000,12001,0.267000,2351,7
16337,33,12000,12001,0.149000,2352,3
16347,57,12000,12001,0.793000,2353,22
16358,48,12000,12001,0.220000,2354,4
16368,60,12000,12001,0.374000,2355,5
16376,38,12000,12001,0.506000,2356,8
16388,27,12000,12001,0.357000,2357,5
16401,26,12000,12001,1.008000,2358,7
16412,29,12000,12001,0.289000,2359,7
16418,37,12000,12001,2.519000,2360,92
16423,20,12000,12001,0.468000,2361,13
16425,22,12000,12001,4.292000,2365,178
16431,40,12000,12001,0.462000,2366,3
16440,29,12000,12001,1.010000,2367,7
16452,25,12000,12001,1.325000,2368,42
16453,64,12000,12001,0.425000,2369,5
16466,17,12000,12001,1.190000,2370,42
16472,37,12000,12001,1.925000,2373,66
16475,46,12000,12001,0.985000,2374,36
16485,25,12000,12001,0.443000,2375,11
16496,21,12000,12001,0.301000,2376,2
16514,34,12000,12001,0.613000,2377,4
16533,18,12000,12001,1.354000,2378,51
16537,16,12000,12001,0.594000,2379,13
16569,30,12000,12001,0.936000,2380,3
16585,12,12000,12001,0.675000,2381,22
16599,22,12000,12001,2.624000,2382,62
16609,3,12000,12001,0.044000,2383,1
16644,13,12000,12001,0.142000,2384,1
16682,6,12000,12001,0.146000,2385,4
16735,4,12000,12001,0.039000,2386,1
16800,6,12000,12001,0.058000,2387,1
16876,10,12000,12001,0.145000,2388,3
16924,18,12000,12001,4.987000,2394,202
16932,28,12000,12001,0.405000,2395,3
16934,23,12000,12001,0.512000,2396,2
16944,9,12000,12001,0.089000,2397,2
16948,19,12000,12001,0.237000,2398,2
16951,14,12000,12001,0.104000,2399,2
16955,31,12000,12001,1.060000,2400,5
16962,31,12000,12001,0.450000,2401,4
16970,31,12000,12001,0.865000,2403,27
16983,12,12000,12001,0.122000,2404,2
16990,25,12000,12001,0.222000,2405,1
16996,13,12000,12001,0.293000,2406,2
17004,20,12000,12001,0.264000,2407,3
17009,37,12000,12001,1.250000,2408,4
17014,39,12000,12001,1.093000,2409,7
17021,37,12000,12001,1.071000,2410,5
17026,17,12000,12001,0.325000,2411,5
17034,33,12000,12001,0.514000,2412,5
17039,29,12000,12001,1.122000,2413,12
17043,33,12000,12001,0.979000,2414,2
17048,44,12000,12001,1.083000,2415,3
17055,26,12000,12001,0.600000,2416,9
17059,41,12000,12001,1.053000,2417,8
17063,32,12000,12001,1.120000,2418,8
17064,47,12000,12001,1.033000,2419,24
17066,53,12000,12001,1.067000,2420,8
17068,50,12000,12001,0.530000,2421,5
17071,41,12000,12001,0.604000,2422,14
17073,34,12000,12001,0.329000,2423,4
17075,26,12000,12001,0.448000,2424,13
17081,40,12000,12001,0.937000,2425,5
17088,17,12000,12001,0.176000,2426,3
17095,25,12000,12001,0.575000,2427,7
17101,26,12000,12001,1.054000,2428,3
17106,16,12000,12001,0.365000,2429,9
17109,60,12000,12001,1.258000,2430,7
17113,52,12000,12001,1.052000,2431,7
17117,21,12000,12001,0.157000,2432,2
17121,36,12000,12001,1.203000,2433,5
17126,33,12000,12001,1.259000,2434,8
17129,28,12000,12001,0.499000,2435,3
17135,26,12000,12001,0.447000,2436,3
17142,41,12000,12001,1.177000,2437,3
17147,16,12000,12001,0.184000,2438,2
17152,20,12000,12001,0.873000,2439,20
17158,24,12000,12001,0.360000,2440,4
17166,23,12000,12001,0.471000,2441,3
17170,28,12000,12001,0.230000,2442,5
17173,39,12000,12001,0.443000,2443,5
17179,25,12000,12001,0.279000,2444,2
17180,40,12000,12001,1.550000,2445,41
17183,47,12000,12001,0.441000,2446,3
17190,26,12000,12001,0.286000,2447,1
17196,27,12000,12001,0.308000,2448,3
17202,28,12000,12001,0.415000,2449,2
17207,21,12000,12001,0.445000,2450,3
17212,31,12000,12001,0.253000,2451,5
17214,32,12000,12001,1.298000,2452,7
17220,27,12000,12001,0.476000,2453,5
17223,27,12000,12001,1.051000,2454,2
17229,28,12000,12001,0.506000,2455,3
17232,40,12000,12001,0.402000,2456,6
17239,28,12000,12001,0.528000,2457,5
17243,32,12000,12001,0.793000,2458,8
17248,28,12000,12001,0.435000,2459,2
17253,27,12000,12001,0.865000,2460,3
17256,45,12000,12001,1.114000,2461,4
17258,34,12000,12001,1.783000,2463,52
17262,24,12000,12001,0.477000,2464,2
17266,17,12000,12001,0.103000,2465,1
17271,35,12000,12001,1.053000,2466,6
17275,17,12000,12001,1.630000,2468,54
17277,37,12000,12001,1.001000,2469,2
17278,36,12000,12001,0.887000,2470,3
17282,29,12000,12001,0.936000,2471,5
17284,38,12000,12001,1.046000,2472,3
17287,36,12000,12001,0.474000,2473,7
17289,31,12000,12001,0.487000,2474,6
17292,21,12000,12001,0.282000,2475,2
17296,31,12000,12001,0.399000,2476,3
17298,42,12000,12001,1.004000,2477,3
17300,39,12000,12001,0.494000,2478,6
17303,28,12000,12001,0.451000,2479,6
17306,34,12000,12001,0.246000,2480,6
17310,37,12000,12001,0.557000,2481,5
17313,36,12000,12001,1.097000,2482,3
17317,29,12000,12001,1.034000,2483,5
17320,25,12000,12001,1.772000,2485,69
17325,41,12000,12001,0.445000,2486,3
17328,39,12000,12001,0.557000,2487,5
17330,42,12000,12001,0.554000,2488,6
17334,50,12000,12001,0.592000,2489,3
17337,36,12000,12001,0.299000,2490,4
17339,33,12000,12001,1.113000,2491,7
17343,33,12000,12001,0.459000,2492,2
17346,47,12000,12001,0.541000,2493,6
17349,48,12000,12001,0.621000,2494,7
17355,25,12000,12001,0.496000,2495,5
17361,28,12000,12001,0.267000,2496,2
17364,25,12000,12001,0.489000,2497,5
17368,26,12000,12001,0.369000,2498,6
17374,34,12000,12001,0.462000,2499,4
17377,36,12000,12001,1.054000,2500,4
17379,43,12000,12001,0.922000,2501,4
17381,42,12000,12001,0.618000,2502,6
17386,26,12000,12001,0.887000,2503,5
17391,42,12000,12001,1.066000,2504,4
17396,34,12000,12001,0.464000,2505,5
17398,47,12000,12001,1.163000,2506,9
17402,30,12000,12001,0.897000,2507,6
17406,25,12000,12001,0.561000,2508,5
17412,42,12000,12001,0.488000,2509,3
17414,49,12000,12001,1.165000,2510,6
17416,22,12000,12001,0.162000,2511,4
17421,19,12000,12001,0.346000,2512,4
17426,29,12000,12001,0.399000,2513,11
17428,36,12000,12001,0.872000,2514,3
17434,34,12000,12001,0.520000,2515,2
17437,61,12000,12001,1.073000,2516,5
17439,39,12000,12001,0.537000,2517,5
17443,12,12000,12001,0.145000,2518,2
17448,42,12000,12001,0.908000,2519,4
17452,42,12000,12001,0.577000,2520,7
17455,48,12000,12001,1.041000,2521,9
17458,52,12000,12001,0.473000,2522,8
17461,34,12000,12001,0.321000,2523,3
17465,28,12000,12001,1.103000,2524,5
17471,27,12000,12001,0.465000,2525,5
17476,37,12000,12001,1.034000,2526,5
17481,25,12000,12001,0.448000,2527,3
17487,47,12000,12001,0.969000,2528,4
17490,38,12000,12001,0.663000,2529,10
17492,39,12000,12001,0.466000,2530,5
17501,44,12000,12001,0.939000,2531,8
17506,14,12000,12001,0.177000,2532,3
17510,17,12000,12001,0.220000,2533,6
17515,26,12000,12001,0.289000,2534,4
17520,20,12000,12001,0.247000,2535,7
17522,23,12000,12001,0.849000,2537,30
17524,25,12000,12001,0.872000,2538,2
17526,43,12000,12001,0.413000,2539,2
17527,47,12000,12001,1.062000,2540,4
17530,31,12000,12001,0.999000,2543,22
17534,34,12000,12001,1.035000,2544,5
17538,12,12000,12001,0.102000,2545,1
17543,23,12000,12001,0.183000,2546,4
17548,26,12000,12001,0.205000,2547,3
17554,30,12000,12001,0.943000,2548,4
17557,27,12000,12001,0.331000,2549,3
17562,26,12000,12001,1.537000,2552,57
17563,20,12000,12001,17.444000,2746,705
17566,23,12000,12001,0.437000,2747,3
17570,13,12000,12001,0.067000,2748,1
17573,25,12000,12001,0.348000,2749,4
17576,34,12000,12001,0.454000,2750,5
17578,34,12000,12001,0.381000,2751,2
17581,22,12000,12001,0.252000,2752,3
17584,23,12000,12001,0.157000,2753,3
17587,44,12000,12001,0.838000,2754,2
17591,4,12000,12001,0.052000,2755,2
17598,10,12000,12001,0.091000,2756,2
17601,37,12000,12001,0.935000,2757,1
17606,17,12000,12001,0.098000,2758,2
17612,12,12000,12001,0.069000,2759,1
17617,35,12000,12001,0.341000,2760,6
17619,41,12000,12001,0.442000,2761,9
17624,40,12000,12001,0.500000,2762,9
17628,32,12000,12001,0.524000,2763,8
17636,19,12000,12001,0.292000,2764,4
17638,23,12000,12001,1.321000,2766,42
17640,25,12000,12001,0.372000,2767,7
17643,16,12000,12001,0.202000,2768,1
17649,30,12000,12001,0.809000,2769,1
17652,21,12000,12001,0.447000,2770,16
17657,17,12000,12001,0.153000,2771,4
17666,29,12000,12001,0.296000,2772,3
17676,42,12000,12001,1.032000,2773,5
17681,25,12000,12001,1.315000,2774,12
17684,17,12000,12001,0.365000,2775,13
17685,16,12000,12001,0.592000,2776,21
17690,11,12000,12001,0.129000,2777,3
17698,10,12000,12001,0.099000,2778,3
17705,18,12000,12001,0.455000,2779,13
17711,27,12000,12001,0.146000,2780,4
17721,13,12000,12001,0.382000,2781,13
17735,37,12000,12001,1.068000,2782,7
17743,21,12000,12001,0.238000,2783,6
17754,32,12000,12001,0.969000,2784,6
17761,14,12000,12001,0.243000,2785,6
17772,27,12000,12001,1.096000,2786,9
17780,11,12000,12001,0.207000,2787,6
17793,26,12000,12001,1.223000,2788,9
17797,24,12000,12001,0.416000,2789,8
17801,10,12000,12001,0.088000,2790,1
17810,23,12000,12001,0.136000,2791,3
17822,29,12000,12001,0.319000,2792,4
17827,24,12000,12001,1.089000,2793,3
17840,17,12000,12001,0.201000,2794,5
17856,11,12000,12001,0.082000,2795,1
17864,28,12000,12001,0.350000,2796,5
17871,31,12000,12001,0.498000,2797,4
17877,32,12000,12001,0.777000,2798,26
17879,15,12000,12001,0.105000,2799,2
17884,21,12000,12001,0.686000,2800,21
17886,13,12000,12001,0.318000,2801,9
17895,22,12000,12001,0.332000,2802,7
17907,14,12000,12001,0.129000,2803,3
17917,7,12000,12001,0.039000,2804,1
17925,21,12000,12001,0.269000,2805,3
17929,30,12000,12001,1.124000,2806,39
17935,9,12000,12001,0.081000,2807,1
17954,6,12000,12001,0.056000,2808,2
17963,7,12000,12001,0.075000,2809,3
17970,5,12000,12001,0.036000,2810,1
17988,25,12000,12001,0.832000,2811,2
17993,26,12000,12001,0.366000,2812,4
18008,7,12000,12001,0.083000,2813,1
18040,3,12000,12001,0.034000,2814,1
18072,5,12000,12001,0.036000,2815,1
18121,19,12000,12001,0.847000,2816,3
18172,4,12000,12001,0.037000,2817,1
18209,8,12000,12001,0.118000,2818,3
18244,18,12000,12001,0.794000,2819,6
18281,13,12000,12001,0.209000,2820,1
18306,5,12000,12001,0.085000,2821,3
18333,15,12000,12001,0.838000,2822,26
18350,24,12000,12001,0.440000,2823,17
18356,28,12000,12001,0.135000,2824,4
18371,9,12000,12001,0.058000,2825,2
18392,13,12000,12001,0.147000,2826,5
18407,17,12000,12001,0.208000,2827,1
18424,9,12000,12001,0.035000,2828,1
18441,22,12000,12001,0.314000,2829,3
18464,21,12000,12001,0.263000,2830,8
18471,26,12000,12001,0.486000,2831,13
18474,16,12000,12001,0.411000,2832,10
18482,18,12000,12001,0.223000,2833,2
18503,9,12000,12001,0.071000,2834,1
18520,8,12000,12001,0.101000,2835,1
18524,33,12000,12001,1.234000,2836,43
18526,34,12000,12001,0.225000,2837,2
18536,17,12000,12001,0.231000,2838,6
18543,13,12000,12001,0.098000,2839,2
18561,16,12000,12001,0.274000,2840,3
18578,1,12000,12001,0.044000,2841,1
18592,9,12000,12001,0.253000,2842,7
18605,27,12000,12001,1.004000,2843,6
18613,23,12000,12001,0.288000,2844,2
18625,21,12000,12001,0.549000,2845,10
18644,14,12000,12001,0.179000,2846,4
18658,15,12000,12001,0.079000,2847,1
18670,19,12000,12001,0.226000,2848,2
18682,14,12000,12001,0.233000,2849,1
18689,29,12000,12001,0.903000,2850,5
18698,14,12000,12001,0.469000,2851,16
18701,25,12000,12001,0.316000,2852,4
18709,32,12000,12001,0.402000,2853,5
18714,23,12000,12001,0.480000,2854,10
18722,23,12000,12001,0.242000,2855,3
18732,12,12000,12001,0.139000,2856,4
18740,12,12000,12001,0.083000,2857,2
18749,33,12000,12001,0.440000,2858,13
18757,8,12000,12001,0.073000,2859,2
18760,7,12000,12001,0.062000,2860,2
18764,15,12000,12001,0.587000,2861,16
18771,18,12000,12001,0.250000,2862,1
18778,13,12000,12001,0.135000,2863,4
18780,17,12000,12001,0.860000,2864,31
18782,14,12000,12001,0.082000,2865,2
18783,13,12000,12001,0.774000,2869,30
18785,18,12000,12001,0.281000,2870,1
18792,24,12000,12001,0.815000,2871,2
18800,15,12000,12001,0.121000,2872,3
18809,10,12000,12001,1.032000,2876,42
18810,12,12000,12001,1.433000,2887,55
18820,26,12000,12001,0.327000,2888,3
18828,21,12000,12001,1.215000,2889,3
18832,20,12000,12001,0.220000,2890,7
18839,32,12000,12001,0.534000,2891,16
18841,24,12000,12001,0.410000,2892,4
18853,16,12000,12001,0.236000,2893,7
18865,27,12000,12001,0.922000,2894,2
18870,29,12000,12001,1.238000,2895,6
18876,30,12000,12001,0.376000,2896,2
18878,29,12000,12001,1.481000,2897,54
18884,15,12000,12001,0.625000,2898,15
18888,14,12000,12001,0.233000,2899,5
18896,18,12000,12001,0.109000,2900,1
18904,25,12000,12001,0.847000,2901,24
18913,25,12000,12001,0.934000,2902,5
18930,19,12000,12001,1.080000,2903,2
18945,24,12000,12001,0.396000,2904,4
18955,21,12000,12001,0.429000,2905,8
18966,32,12000,12001,0.471000,2906,4
18970,26,12000,12001,0.182000,2907,4
18978,22,12000,12001,0.358000,2908,3
18984,7,12000,12001,0.101000,2909,1
18998,16,12000,12001,0.209000,2910,1
19007,21,12000,12001,0.463000,2911,5
19019,12,12000,12001,0.191000,2912,4
19026,7,12000,12001,0.084000,2913,3
19033,16,12000,12001,0.345000,2914,8
19046,16,12000,12001,0.340000,2915,9
19052,34,12000,12001,0.482000,2916,6
19055,43,12000,12001,0.537000,2917,7
19071,21,12000,12001,0.345000,2918,3
19091,25,12000,12001,0.451000,2919,14
19102,40,12000,12001,1.046000,2920,6
19105,22,12000,12001,0.649000,2921,17
19114,21,12000,12001,0.333000,2922,3
19118,30,12000,12001,0.376000,2923,11
19121,27,12000,12001,0.656000,2924,17
19124,14,12000,12001,0.459000,2925,15
19129,28,12000,12001,1.009000,2926,4
19136,31,12000,12001,0.295000,2927,2
19140,19,12000,12001,0.753000,2929,29
19148,18,12000,12001,0.235000,2930,5
19162,23,12000,12001,0.464000,2931,2
19173,16,12000,12001,0.167000,2932,2
19180,22,12000,12001,0.827000,2933,1
19186,19,12000,12001,0.339000,2934,8
19198,21,12000,12001,0.274000,2935,1
19206,14,12000,12001,0.339000,2936,6
19214,6,12000,12001,0.076000,2937,2
19224,25,12000,12001,0.498000,2938,4
19230,22,12000,12001,0.355000,2939,10
19236,27,12000,12001,0.483000,2940,3
19246,18,12000,12001,0.372000,2941,5
19257,28,12000,12001,0.882000,2942,3
19269,18,12000,12001,0.373000,2943,5
19274,20,12000,12001,0.310000,2944,8
19283,35,12000,12001,1.042000,2945,5
19290,3,12000,12001,0.069000,2946,2
19300,17,12000,12001,0.931000,2947,29
19313,16,12000,12001,0.179000,2948,3
19332,22,12000,12001,0.452000,2949,2
19359,15,12000,12001,0.182000,2950,3
19386,32,12000,12001,1.159000,2951,23
19410,11,12000,12001,0.082000,2952,2
19453,7,12000,12001,0.095000,2953,3
